type,n,density,processes,threads,total_time,generation_time,comm_total,comm_dist,comm_aggr,computation_total,computation_sort,computation_mult,sum_check,nodes
COO_apr_Hybrid,16384,0.15,16,16,53.848,3.328,32.889,5.300,27.588,17.631,1.258,16.373,2993442628723.000,16
COO_apr_Hybrid,16384,0.15,16,16,54.091,3.551,29.140,4.507,24.633,21.400,1.846,19.554,2993442628723.000,16
COO_apr_Hybrid,16384,0.15,16,16,66.493,3.819,43.409,3.709,39.700,19.266,1.993,17.272,2993442628723.000,16
COO_apr_Hybrid,16384,0.15,16,16,72.012,3.354,50.681,3.724,46.957,17.977,1.370,16.608,2993442628723.000,16
COO_apr_Hybrid,16384,0.15,16,16,52.680,2.836,30.533,4.383,26.150,19.311,1.376,17.935,2993442628723.000,16
COO_apr_Hybrid,16384,0.15,16,16,59.887,3.278,39.846,3.636,36.211,16.762,1.283,15.479,2993442628723.000,16
COO_apr_Hybrid,16384,0.15,16,16,50.950,3.394,27.028,4.485,22.542,20.529,1.817,18.711,2993442628723.000,16
COO_apr_Hybrid,16384,0.15,16,16,49.519,3.738,27.744,3.461,24.282,18.038,1.170,16.868,2993442628723.000,16
COO_apr_Hybrid,16384,0.15,16,16,50.323,3.288,31.193,3.037,28.156,15.842,1.166,14.676,2993442628723.000,16
COO_apr_Hybrid,16384,0.15,16,16,74.163,3.224,55.092,4.074,51.018,15.848,1.357,14.491,2993442628723.000,16
COO_apr_Hybrid,16384,0.15,32,8,59.044,4.516,39.993,3.155,36.838,14.534,2.567,11.967,2993442628723.000,16
COO_apr_Hybrid,16384,0.15,32,8,102.653,3.540,74.365,4.683,69.682,24.748,2.571,22.177,2993442628723.000,16
COO_apr_Hybrid,16384,0.15,32,8,79.010,3.452,57.875,3.380,54.495,17.683,2.546,15.137,2993442628723.000,16
COO_apr_Hybrid,16384,0.15,32,8,88.933,3.467,68.814,3.692,65.121,16.653,2.494,14.159,2993442628723.000,16
COO_apr_Hybrid,16384,0.15,32,8,60.810,3.340,43.114,3.665,39.449,14.357,2.516,11.841,2993442628723.000,16
COO_apr_Hybrid,16384,0.15,32,8,77.727,3.459,56.756,3.984,52.772,17.512,2.743,14.769,2993442628723.000,16
COO_apr_Hybrid,16384,0.15,32,8,57.538,3.440,37.295,4.124,33.171,16.803,1.829,14.973,2993442628723.000,16
COO_apr_Hybrid,16384,0.15,32,8,55.455,3.577,34.263,3.663,30.601,17.614,2.064,15.550,2993442628723.000,16
COO_apr_Hybrid,16384,0.15,32,8,71.116,3.215,47.255,4.002,43.253,20.647,2.523,18.124,2993442628723.000,16
COO_apr_Hybrid,16384,0.15,32,8,104.011,3.243,82.503,3.519,78.984,18.265,2.374,15.891,2993442628723.000,16
COO_apr_Hybrid,16384,0.15,64,4,86.376,5.010,32.568,3.310,29.258,48.798,11.760,37.038,2993442628723.000,16
COO_apr_Hybrid,16384,0.15,64,4,136.380,3.477,112.111,2.524,109.587,20.792,4.100,16.692,2993442628723.000,16
COO_apr_Hybrid,16384,0.15,64,4,77.851,3.540,57.505,1.482,56.023,16.806,2.344,14.461,2993442628723.000,16
COO_apr_Hybrid,16384,0.15,64,4,75.890,3.229,51.790,1.333,50.457,20.870,3.083,17.787,2993442628723.000,16
COO_apr_Hybrid,16384,0.15,64,4,75.076,3.535,57.347,1.661,55.687,14.194,2.540,11.654,2993442628723.000,16
COO_apr_Hybrid,16384,0.15,64,4,67.324,3.722,41.032,1.969,39.063,22.571,6.581,15.989,2993442628723.000,16
COO_apr_Hybrid,16384,0.15,64,4,54.430,3.608,34.725,1.941,32.784,16.097,4.016,12.081,2993442628723.000,16
COO_apr_Hybrid,16384,0.15,64,4,67.654,4.324,43.396,1.932,41.463,19.935,4.228,15.706,2993442628723.000,16
COO_apr_Hybrid,16384,0.15,64,4,105.697,3.924,79.893,1.825,78.068,21.880,4.140,17.740,2993442628723.000,16
COO_apr_Hybrid,16384,0.15,64,4,79.381,3.550,60.028,1.711,58.317,15.803,3.828,11.974,2993442628723.000,16
COO_spr_Hybrid,16384,0.15,16,16,49.820,3.860,21.015,4.535,16.480,24.945,1.639,23.306,2993442628723.000,16
COO_spr_Hybrid,16384,0.15,16,16,91.804,3.575,64.916,5.721,59.195,23.313,1.239,22.075,2993442628723.000,16
COO_spr_Hybrid,16384,0.15,16,16,60.233,3.671,33.508,3.702,29.807,23.054,1.203,21.851,2993442628723.000,16
COO_spr_Hybrid,16384,0.15,16,16,71.996,3.558,47.735,4.017,43.717,20.704,1.252,19.452,2993442628723.000,16
COO_spr_Hybrid,16384,0.15,16,16,61.099,3.561,31.992,4.483,27.509,25.547,0.983,24.564,2993442628723.000,16
COO_spr_Hybrid,16384,0.15,16,16,66.288,3.617,42.379,4.159,38.220,20.291,1.302,18.989,2993442628723.000,16
COO_spr_Hybrid,16384,0.15,16,16,59.685,3.617,38.632,3.205,35.427,17.436,0.754,16.683,2993442628723.000,16
COO_spr_Hybrid,16384,0.15,16,16,57.456,3.654,32.390,4.343,28.047,21.411,1.426,19.986,2993442628723.000,16
COO_spr_Hybrid,16384,0.15,16,16,60.628,3.345,36.721,4.393,32.328,20.562,1.036,19.526,2993442628723.000,16
COO_spr_Hybrid,16384,0.15,16,16,77.879,4.968,28.085,7.477,20.608,44.826,1.567,43.259,2993442628723.000,16
COO_spr_Hybrid,16384,0.15,32,8,53.629,2.601,35.952,2.907,33.046,15.075,0.870,14.205,2993442628723.000,16
COO_spr_Hybrid,16384,0.15,32,8,132.931,3.547,106.286,3.586,102.700,23.099,2.141,20.958,2993442628723.000,16
COO_spr_Hybrid,16384,0.15,32,8,70.266,4.165,45.742,3.491,42.251,20.360,2.161,18.199,2993442628723.000,16
COO_spr_Hybrid,16384,0.15,32,8,87.394,3.555,63.367,3.749,59.618,20.472,1.865,18.607,2993442628723.000,16
COO_spr_Hybrid,16384,0.15,32,8,62.416,3.542,34.622,3.201,31.421,24.252,1.749,22.504,2993442628723.000,16
COO_spr_Hybrid,16384,0.15,32,8,53.886,3.274,29.518,4.477,25.041,21.094,2.430,18.664,2993442628723.000,16
COO_spr_Hybrid,16384,0.15,32,8,79.229,3.860,57.866,4.809,53.056,17.503,2.759,14.744,2993442628723.000,16
COO_spr_Hybrid,16384,0.15,32,8,56.299,3.869,36.406,3.964,32.441,16.025,2.047,13.977,2993442628723.000,16
COO_spr_Hybrid,16384,0.15,32,8,96.093,3.616,71.812,4.271,67.541,20.664,2.122,18.542,2993442628723.000,16
COO_spr_Hybrid,16384,0.15,32,8,63.850,3.684,37.760,2.906,34.854,22.406,1.081,21.325,2993442628723.000,16
COO_spr_Hybrid,16384,0.15,64,4,71.020,3.609,52.585,1.800,50.785,14.825,2.299,12.526,2993442628723.000,16
COO_spr_Hybrid,16384,0.15,64,4,144.947,3.548,116.414,2.360,114.053,24.985,2.699,22.287,2993442628723.000,16
COO_spr_Hybrid,16384,0.15,64,4,62.382,3.319,35.730,1.427,34.303,23.332,2.033,21.300,2993442628723.000,16
COO_spr_Hybrid,16384,0.15,64,4,89.617,3.166,54.841,1.295,53.546,31.611,1.250,30.360,2993442628723.000,16
COO_spr_Hybrid,16384,0.15,64,4,76.614,3.540,51.363,2.704,48.658,21.711,3.509,18.202,2993442628723.000,16
COO_spr_Hybrid,16384,0.15,64,4,72.744,3.818,51.288,2.645,48.642,17.638,1.951,15.687,2993442628723.000,16
COO_spr_Hybrid,16384,0.15,64,4,67.950,3.531,45.662,2.125,43.538,18.757,3.370,15.387,2993442628723.000,16
COO_spr_Hybrid,16384,0.15,64,4,57.995,3.606,38.377,1.834,36.543,16.012,3.780,12.231,2993442628723.000,16
COO_spr_Hybrid,16384,0.15,64,4,92.746,3.414,50.884,2.532,48.352,38.447,3.976,34.471,2993442628723.000,16
COO_spr_Hybrid,16384,0.15,64,4,60.338,3.457,40.772,2.076,38.696,16.109,2.847,13.262,2993442628723.000,16
CSR_apr_Hybrid,16384,0.15,16,16,69.776,3.153,41.060,0.957,40.103,25.563,1.401,24.162,2993442628723.000,16
CSR_apr_Hybrid,16384,0.15,16,16,51.862,2.596,32.196,0.845,31.351,17.070,0.965,16.104,2993442628723.000,16
CSR_apr_Hybrid,16384,0.15,16,16,56.749,3.240,32.276,1.573,30.703,21.234,1.533,19.701,2993442628723.000,16
CSR_apr_Hybrid,16384,0.15,16,16,51.258,3.118,25.937,1.527,24.410,22.203,1.426,20.777,2993442628723.000,16
CSR_apr_Hybrid,16384,0.15,16,16,61.554,3.172,31.817,1.121,30.695,26.565,1.006,25.560,2993442628723.000,16
CSR_apr_Hybrid,16384,0.15,16,16,51.959,3.424,27.728,0.997,26.730,20.807,1.584,19.223,2993442628723.000,16
CSR_apr_Hybrid,16384,0.15,16,16,52.634,3.224,30.397,1.156,29.241,19.013,0.670,18.342,2993442628723.000,16
CSR_apr_Hybrid,16384,0.15,16,16,50.459,3.258,24.884,1.159,23.725,22.317,1.531,20.786,2993442628723.000,16
CSR_apr_Hybrid,16384,0.15,16,16,54.784,3.186,26.437,1.466,24.971,25.161,1.213,23.947,2993442628723.000,16
CSR_apr_Hybrid,16384,0.15,16,16,49.934,3.179,19.336,1.047,18.289,27.420,2.654,24.766,2993442628723.000,16
CSR_apr_Hybrid,16384,0.15,32,8,49.904,2.470,29.392,0.804,28.588,18.043,1.559,16.484,2993442628723.000,16
CSR_apr_Hybrid,16384,0.15,32,8,130.897,3.164,107.582,0.943,106.639,20.150,2.077,18.074,2993442628723.000,16
CSR_apr_Hybrid,16384,0.15,32,8,62.671,3.226,34.297,1.420,32.877,25.147,1.419,23.728,2993442628723.000,16
CSR_apr_Hybrid,16384,0.15,32,8,86.511,3.165,62.174,1.281,60.893,21.172,0.833,20.339,2993442628723.000,16
CSR_apr_Hybrid,16384,0.15,32,8,54.827,3.089,31.671,0.810,30.861,20.067,1.397,18.670,2993442628723.000,16
CSR_apr_Hybrid,16384,0.15,32,8,75.820,3.183,54.842,0.912,53.930,17.795,0.878,16.917,2993442628723.000,16
CSR_apr_Hybrid,16384,0.15,32,8,57.958,3.163,39.305,0.926,38.379,15.490,2.086,13.404,2993442628723.000,16
CSR_apr_Hybrid,16384,0.15,32,8,49.496,3.756,27.504,1.398,26.106,18.236,3.012,15.223,2993442628723.000,16
CSR_apr_Hybrid,16384,0.15,32,8,100.003,3.187,72.818,1.280,71.538,23.999,1.625,22.373,2993442628723.000,16
CSR_apr_Hybrid,16384,0.15,32,8,52.881,3.152,30.479,1.049,29.430,19.250,2.462,16.788,2993442628723.000,16
CSR_apr_Hybrid,16384,0.15,64,4,130.946,3.101,95.702,0.925,94.777,32.143,1.493,30.650,2993442628723.000,16
CSR_apr_Hybrid,16384,0.15,64,4,76.688,3.162,57.861,0.932,56.928,15.665,1.492,14.173,2993442628723.000,16
CSR_apr_Hybrid,16384,0.15,64,4,63.043,4.890,39.116,1.028,38.088,19.037,2.421,16.616,2993442628723.000,16
CSR_apr_Hybrid,16384,0.15,64,4,64.215,3.028,40.238,0.957,39.281,20.950,3.213,17.736,2993442628723.000,16
CSR_apr_Hybrid,16384,0.15,64,4,68.517,3.151,47.978,0.975,47.003,17.388,2.864,14.524,2993442628723.000,16
CSR_apr_Hybrid,16384,0.15,64,4,72.605,3.211,38.489,1.090,37.399,30.904,4.651,26.253,2993442628723.000,16
CSR_apr_Hybrid,16384,0.15,64,4,63.007,3.487,45.860,1.055,44.805,13.659,2.142,11.517,2993442628723.000,16
CSR_apr_Hybrid,16384,0.15,64,4,55.581,3.512,34.389,1.904,32.486,17.680,2.246,15.434,2993442628723.000,16
CSR_apr_Hybrid,16384,0.15,64,4,102.247,3.149,72.744,0.988,71.756,26.354,3.715,22.640,2993442628723.000,16
CSR_apr_Hybrid,16384,0.15,64,4,55.331,3.202,37.852,0.937,36.915,14.277,1.950,12.327,2993442628723.000,16
COO_apr_Hybrid,16384,0.15,32,8,59.950,3.287,40.586,3.753,36.833,16.078,2.400,13.678,2993442628723.000,32
COO_apr_Hybrid,16384,0.15,32,8,66.689,5.059,38.550,4.431,34.119,23.080,3.977,19.102,2993442628723.000,32
COO_apr_Hybrid,16384,0.15,32,8,62.453,5.438,27.617,3.934,23.684,29.398,5.628,23.770,2993442628723.000,32
COO_apr_Hybrid,16384,0.15,32,8,55.715,3.563,30.405,4.494,25.911,21.747,3.453,18.294,2993442628723.000,32
COO_apr_Hybrid,16384,0.15,32,8,53.659,3.228,32.335,4.135,28.200,18.096,2.668,15.428,2993442628723.000,32
COO_apr_Hybrid,16384,0.15,32,8,56.996,3.722,38.737,3.428,35.309,14.537,1.860,12.677,2993442628723.000,32
COO_apr_Hybrid,16384,0.15,32,8,45.532,3.290,29.855,2.485,27.370,12.387,0.994,11.393,2993442628723.000,32
COO_apr_Hybrid,16384,0.15,32,8,56.169,3.579,35.682,3.771,31.911,16.908,2.552,14.357,2993442628723.000,32
COO_apr_Hybrid,16384,0.15,32,8,55.230,3.256,36.079,3.270,32.809,15.895,1.743,14.152,2993442628723.000,32
COO_apr_Hybrid,16384,0.15,32,8,59.758,3.531,38.140,3.784,34.357,18.087,2.860,15.227,2993442628723.000,32
COO_apr_Hybrid,16384,0.15,64,4,68.288,3.824,40.706,1.523,39.183,23.759,5.513,18.246,2993442628723.000,32
COO_apr_Hybrid,16384,0.15,64,4,66.324,4.587,39.313,1.755,37.558,22.425,5.720,16.704,2993442628723.000,32
COO_apr_Hybrid,16384,0.15,64,4,70.069,5.688,44.061,1.701,42.360,20.319,8.671,11.648,2993442628723.000,32
COO_apr_Hybrid,16384,0.15,64,4,61.357,3.669,34.724,1.994,32.730,22.965,5.359,17.605,2993442628723.000,32
COO_apr_Hybrid,16384,0.15,64,4,67.843,4.477,42.988,1.666,41.321,20.378,3.821,16.558,2993442628723.000,32
COO_apr_Hybrid,16384,0.15,64,4,56.571,3.633,34.522,1.596,32.926,18.417,5.137,13.280,2993442628723.000,32
COO_apr_Hybrid,16384,0.15,64,4,56.171,3.578,37.188,1.620,35.568,15.404,2.782,12.623,2993442628723.000,32
COO_apr_Hybrid,16384,0.15,64,4,56.474,3.349,38.294,1.304,36.990,14.831,3.704,11.126,2993442628723.000,32
COO_apr_Hybrid,16384,0.15,64,4,66.544,3.895,44.226,1.634,42.593,18.423,4.916,13.507,2993442628723.000,32
COO_apr_Hybrid,16384,0.15,64,4,61.279,3.266,43.966,1.535,42.431,14.047,2.978,11.069,2993442628723.000,32
COO_spr_Hybrid,16384,0.15,32,8,68.669,3.402,50.769,3.759,47.010,14.498,1.329,13.170,2993442628723.000,32
COO_spr_Hybrid,16384,0.15,32,8,48.079,3.411,28.802,4.153,24.649,15.866,1.799,14.067,2993442628723.000,32
COO_spr_Hybrid,16384,0.15,32,8,63.066,5.742,40.445,3.537,36.908,16.879,1.988,14.891,2993442628723.000,32
COO_spr_Hybrid,16384,0.15,32,8,56.286,3.657,28.893,4.160,24.733,23.737,2.103,21.634,2993442628723.000,32
COO_spr_Hybrid,16384,0.15,32,8,52.599,4.889,28.614,3.778,24.836,19.096,3.191,15.905,2993442628723.000,32
COO_spr_Hybrid,16384,0.15,32,8,50.662,3.339,31.504,3.466,28.038,15.818,1.930,13.888,2993442628723.000,32
COO_spr_Hybrid,16384,0.15,32,8,55.472,3.342,39.834,3.343,36.490,12.296,1.572,10.724,2993442628723.000,32
COO_spr_Hybrid,16384,0.15,32,8,55.879,3.550,37.135,3.472,33.663,15.194,1.279,13.915,2993442628723.000,32
COO_spr_Hybrid,16384,0.15,32,8,51.789,3.397,33.423,3.912,29.512,14.969,1.725,13.244,2993442628723.000,32
COO_spr_Hybrid,16384,0.15,32,8,61.601,3.467,33.753,4.326,29.427,24.381,2.317,22.064,2993442628723.000,32
COO_spr_Hybrid,16384,0.15,64,4,76.922,3.420,53.811,1.959,51.852,19.691,3.340,16.352,2993442628723.000,32
COO_spr_Hybrid,16384,0.15,64,4,60.701,3.992,41.104,2.065,39.039,15.604,3.739,11.865,2993442628723.000,32
COO_spr_Hybrid,16384,0.15,64,4,69.787,4.807,48.575,1.947,46.628,16.405,4.832,11.573,2993442628723.000,32
COO_spr_Hybrid,16384,0.15,64,4,57.335,3.681,38.243,1.996,36.248,15.411,3.509,11.901,2993442628723.000,32
COO_spr_Hybrid,16384,0.15,64,4,56.316,4.190,36.380,2.054,34.325,15.746,2.383,13.363,2993442628723.000,32
COO_spr_Hybrid,16384,0.15,64,4,57.725,3.723,37.138,1.963,35.175,16.864,3.082,13.782,2993442628723.000,32
COO_spr_Hybrid,16384,0.15,64,4,57.369,4.117,31.235,2.215,29.020,22.017,3.920,18.096,2993442628723.000,32
COO_spr_Hybrid,16384,0.15,64,4,59.050,3.597,38.955,1.875,37.080,16.498,3.165,13.333,2993442628723.000,32
COO_spr_Hybrid,16384,0.15,64,4,67.387,3.567,49.289,3.279,46.009,14.532,2.110,12.422,2993442628723.000,32
COO_spr_Hybrid,16384,0.15,64,4,66.258,3.392,48.147,1.797,46.350,14.719,2.284,12.435,2993442628723.000,32
CSR_apr_Hybrid,16384,0.15,32,8,63.716,3.052,43.902,0.817,43.085,16.762,1.733,15.029,2993442628723.000,32
CSR_apr_Hybrid,16384,0.15,32,8,46.961,3.045,27.795,0.818,26.977,16.121,1.777,14.343,2993442628723.000,32
CSR_apr_Hybrid,16384,0.15,32,8,56.121,3.906,32.810,0.838,31.972,19.405,1.962,17.443,2993442628723.000,32
CSR_apr_Hybrid,16384,0.15,32,8,50.367,3.628,20.592,1.140,19.451,26.147,4.829,21.318,2993442628723.000,32
CSR_apr_Hybrid,16384,0.15,32,8,53.444,3.076,28.573,1.042,27.531,21.795,2.691,19.104,2993442628723.000,32
CSR_apr_Hybrid,16384,0.15,32,8,49.691,3.775,27.446,0.981,26.465,18.471,3.108,15.363,2993442628723.000,32
CSR_apr_Hybrid,16384,0.15,32,8,50.779,3.297,29.687,1.114,28.573,17.795,1.745,16.050,2993442628723.000,32
CSR_apr_Hybrid,16384,0.15,32,8,48.692,3.627,29.802,0.877,28.925,15.263,1.307,13.956,2993442628723.000,32
CSR_apr_Hybrid,16384,0.15,32,8,56.953,3.209,34.149,2.716,31.433,19.595,2.324,17.270,2993442628723.000,32
CSR_apr_Hybrid,16384,0.15,32,8,51.016,3.057,32.423,1.506,30.917,15.536,2.537,12.999,2993442628723.000,32
CSR_apr_Hybrid,16384,0.15,64,4,64.270,3.800,33.902,1.535,32.368,26.568,2.834,23.734,2993442628723.000,32
CSR_apr_Hybrid,16384,0.15,64,4,55.436,3.499,34.459,0.854,33.605,17.479,1.214,16.265,2993442628723.000,32
CSR_apr_Hybrid,16384,0.15,64,4,62.540,4.702,38.210,1.423,36.787,19.628,5.464,14.163,2993442628723.000,32
CSR_apr_Hybrid,16384,0.15,64,4,55.585,3.756,29.266,1.114,28.153,22.562,4.320,18.243,2993442628723.000,32
CSR_apr_Hybrid,16384,0.15,64,4,55.505,3.232,36.794,0.952,35.842,15.479,2.791,12.688,2993442628723.000,32
CSR_apr_Hybrid,16384,0.15,64,4,56.553,3.728,31.236,0.913,30.323,21.590,3.561,18.029,2993442628723.000,32
CSR_apr_Hybrid,16384,0.15,64,4,54.368,2.982,37.239,0.896,36.343,14.147,2.674,11.473,2993442628723.000,32
CSR_apr_Hybrid,16384,0.15,64,4,55.759,3.791,31.540,0.967,30.573,20.427,3.386,17.041,2993442628723.000,32
CSR_apr_Hybrid,16384,0.15,64,4,69.472,3.154,51.220,2.435,48.785,15.098,2.901,12.197,2993442628723.000,32
CSR_apr_Hybrid,16384,0.15,64,4,59.547,3.421,36.638,0.925,35.714,19.488,2.907,16.580,2993442628723.000,32
COO_apr_Hybrid,16384,0.15,16,16,74.781,3.366,39.684,4.376,35.308,31.732,1.659,30.073,2993442628723.000,4
COO_apr_Hybrid,16384,0.15,16,16,72.823,3.043,23.045,3.384,19.661,46.735,1.393,45.342,2993442628723.000,4
COO_apr_Hybrid,16384,0.15,16,16,69.899,3.518,39.039,3.850,35.189,27.342,1.657,25.685,2993442628723.000,4
COO_apr_Hybrid,16384,0.15,16,16,64.917,3.419,39.240,3.960,35.280,22.257,1.533,20.724,2993442628723.000,4
COO_apr_Hybrid,16384,0.15,16,16,66.963,3.450,42.676,4.087,38.589,20.837,1.334,19.503,2993442628723.000,4
COO_apr_Hybrid,16384,0.15,16,16,67.823,3.483,42.352,3.937,38.415,21.988,1.456,20.533,2993442628723.000,4
COO_apr_Hybrid,16384,0.15,16,16,67.378,3.615,41.285,4.369,36.916,22.479,1.573,20.906,2993442628723.000,4
COO_apr_Hybrid,16384,0.15,16,16,70.180,3.435,47.595,4.131,43.464,19.150,1.623,17.527,2993442628723.000,4
COO_apr_Hybrid,16384,0.15,16,16,68.390,3.652,42.414,4.129,38.285,22.324,1.499,20.825,2993442628723.000,4
COO_apr_Hybrid,16384,0.15,16,16,102.153,3.483,78.029,4.052,73.977,20.641,1.461,19.180,2993442628723.000,4
COO_apr_Hybrid,16384,0.15,32,8,89.076,3.659,66.410,4.205,62.205,19.006,2.679,16.327,2993442628723.000,4
COO_apr_Hybrid,16384,0.15,32,8,64.342,2.618,33.880,4.295,29.585,27.845,3.170,24.675,2993442628723.000,4
COO_apr_Hybrid,16384,0.15,32,8,86.173,4.454,46.793,5.748,41.045,34.926,3.463,31.463,2993442628723.000,4
COO_apr_Hybrid,16384,0.15,32,8,114.123,4.152,77.624,5.047,72.577,32.347,3.292,29.055,2993442628723.000,4
COO_apr_Hybrid,16384,0.15,32,8,66.907,3.237,20.969,4.866,16.103,42.701,3.313,39.388,2993442628723.000,4
COO_apr_Hybrid,16384,0.15,32,8,126.500,4.371,87.993,5.098,82.895,34.136,3.524,30.611,2993442628723.000,4
COO_apr_Hybrid,16384,0.15,32,8,86.639,3.218,16.489,4.777,11.712,66.932,2.244,64.688,2993442628723.000,4
COO_apr_Hybrid,16384,0.15,32,8,120.678,4.213,77.956,6.955,71.001,38.508,3.514,34.994,2993442628723.000,4
COO_apr_Hybrid,16384,0.15,32,8,97.572,3.247,19.203,4.703,14.499,75.122,2.372,72.750,2993442628723.000,4
COO_apr_Hybrid,16384,0.15,32,8,131.765,4.522,94.495,5.622,88.873,32.748,3.505,29.243,2993442628723.000,4
COO_apr_Hybrid,16384,0.15,4,64,66.132,3.477,30.082,4.140,25.943,32.572,0.794,31.778,2993442628723.000,4
COO_apr_Hybrid,16384,0.15,4,64,43.893,3.315,22.164,3.939,18.225,18.414,0.539,17.875,2993442628723.000,4
COO_apr_Hybrid,16384,0.15,4,64,62.863,3.488,25.283,4.290,20.993,34.092,0.752,33.341,2993442628723.000,4
COO_apr_Hybrid,16384,0.15,4,64,60.631,3.424,23.466,4.414,19.052,33.740,0.675,33.065,2993442628723.000,4
COO_apr_Hybrid,16384,0.15,4,64,63.907,3.496,26.255,3.851,22.404,34.156,0.724,33.432,2993442628723.000,4
COO_apr_Hybrid,16384,0.15,4,64,59.179,3.456,21.364,4.195,17.169,34.359,0.744,33.615,2993442628723.000,4
COO_apr_Hybrid,16384,0.15,4,64,59.903,3.455,22.741,3.920,18.821,33.707,0.727,32.980,2993442628723.000,4
COO_apr_Hybrid,16384,0.15,4,64,63.117,3.479,25.677,3.870,21.807,33.960,0.744,33.216,2993442628723.000,4
COO_apr_Hybrid,16384,0.15,4,64,61.116,3.337,22.647,4.278,18.369,35.132,0.605,34.526,2993442628723.000,4
COO_apr_Hybrid,16384,0.15,4,64,56.495,3.317,18.905,4.179,14.726,34.273,0.548,33.725,2993442628723.000,4
COO_apr_Hybrid,16384,0.15,64,4,100.904,4.898,50.413,3.727,46.686,45.593,6.047,39.545,2993442628723.000,4
COO_apr_Hybrid,16384,0.15,64,4,137.856,5.029,74.376,2.866,71.509,58.451,6.336,52.115,2993442628723.000,4
COO_apr_Hybrid,16384,0.15,64,4,87.115,4.329,53.600,2.179,51.421,29.185,2.904,26.281,2993442628723.000,4
COO_apr_Hybrid,16384,0.15,64,4,108.130,4.163,71.277,1.793,69.484,32.689,4.677,28.012,2993442628723.000,4
COO_apr_Hybrid,16384,0.15,64,4,128.566,3.476,91.123,2.217,88.905,33.967,4.311,29.656,2993442628723.000,4
COO_apr_Hybrid,16384,0.15,64,4,115.057,4.881,70.308,2.790,67.517,39.868,6.003,33.866,2993442628723.000,4
COO_apr_Hybrid,16384,0.15,64,4,163.109,3.676,140.030,1.648,138.382,19.403,4.242,15.161,2993442628723.000,4
COO_apr_Hybrid,16384,0.15,64,4,86.715,4.415,52.150,1.621,50.529,30.150,3.748,26.402,2993442628723.000,4
COO_apr_Hybrid,16384,0.15,64,4,65.933,4.184,35.893,1.718,34.174,25.856,4.220,21.636,2993442628723.000,4
COO_apr_Hybrid,16384,0.15,64,4,121.385,4.211,85.875,1.753,84.122,31.299,4.500,26.800,2993442628723.000,4
COO_apr_Hybrid,16384,0.15,8,32,74.178,3.849,18.006,5.367,12.639,52.323,1.658,50.665,2993442628723.000,4
COO_apr_Hybrid,16384,0.15,8,32,72.152,2.931,39.036,4.553,34.483,30.185,0.756,29.429,2993442628723.000,4
COO_apr_Hybrid,16384,0.15,8,32,67.765,3.478,23.057,4.218,18.839,41.229,1.246,39.983,2993442628723.000,4
COO_apr_Hybrid,16384,0.15,8,32,77.103,4.065,16.942,4.309,12.634,56.095,1.418,54.677,2993442628723.000,4
COO_apr_Hybrid,16384,0.15,8,32,72.452,4.470,15.242,4.846,10.396,52.739,2.035,50.705,2993442628723.000,4
COO_apr_Hybrid,16384,0.15,8,32,71.248,3.372,30.963,3.962,27.001,36.912,1.282,35.630,2993442628723.000,4
COO_apr_Hybrid,16384,0.15,8,32,69.958,3.795,36.863,4.216,32.647,29.299,1.295,28.005,2993442628723.000,4
COO_apr_Hybrid,16384,0.15,8,32,78.997,3.568,49.685,4.137,45.548,25.744,1.000,24.743,2993442628723.000,4
COO_apr_Hybrid,16384,0.15,8,32,68.344,3.436,27.621,4.128,23.492,37.287,1.291,35.996,2993442628723.000,4
COO_apr_Hybrid,16384,0.15,8,32,106.413,3.697,50.116,4.453,45.663,52.599,1.704,50.896,2993442628723.000,4
COO_spr_Hybrid,16384,0.15,16,16,80.613,3.578,45.578,4.100,41.478,31.457,0.989,30.467,2993442628723.000,4
COO_spr_Hybrid,16384,0.15,16,16,90.516,3.401,26.427,5.020,21.407,60.687,1.197,59.491,2993442628723.000,4
COO_spr_Hybrid,16384,0.15,16,16,74.954,3.506,15.289,3.163,12.126,56.159,0.857,55.302,2993442628723.000,4
COO_spr_Hybrid,16384,0.15,16,16,71.457,3.521,14.081,3.338,10.743,53.855,0.859,52.996,2993442628723.000,4
COO_spr_Hybrid,16384,0.15,16,16,74.483,3.677,38.031,3.402,34.629,32.776,0.988,31.788,2993442628723.000,4
COO_spr_Hybrid,16384,0.15,16,16,90.840,3.493,19.594,4.091,15.503,67.753,0.754,66.999,2993442628723.000,4
COO_spr_Hybrid,16384,0.15,16,16,78.200,3.720,39.418,3.194,36.223,35.063,0.989,34.074,2993442628723.000,4
COO_spr_Hybrid,16384,0.15,16,16,80.862,5.203,27.630,6.869,20.761,48.029,2.524,45.505,2993442628723.000,4
COO_spr_Hybrid,16384,0.15,16,16,71.675,3.518,29.165,8.737,20.428,38.992,0.856,38.137,2993442628723.000,4
COO_spr_Hybrid,16384,0.15,16,16,73.679,3.493,14.551,2.752,11.799,55.634,0.477,55.157,2993442628723.000,4
COO_spr_Hybrid,16384,0.15,32,8,96.252,3.024,45.084,3.617,41.467,48.145,1.502,46.642,2993442628723.000,4
COO_spr_Hybrid,16384,0.15,32,8,136.766,3.888,84.819,4.743,80.076,48.059,2.691,45.368,2993442628723.000,4
COO_spr_Hybrid,16384,0.15,32,8,96.708,3.110,53.898,4.908,48.990,39.699,1.676,38.023,2993442628723.000,4
COO_spr_Hybrid,16384,0.15,32,8,86.162,3.269,46.106,4.705,41.402,36.787,1.936,34.851,2993442628723.000,4
COO_spr_Hybrid,16384,0.15,32,8,110.386,15.506,23.829,7.372,16.457,71.051,6.752,64.299,2993442628723.000,4
COO_spr_Hybrid,16384,0.15,32,8,87.649,3.311,47.192,4.355,42.837,37.146,1.928,35.218,2993442628723.000,4
COO_spr_Hybrid,16384,0.15,32,8,62.754,2.641,32.771,4.291,28.480,27.342,1.587,25.755,2993442628723.000,4
COO_spr_Hybrid,16384,0.15,32,8,62.605,2.669,33.324,4.064,29.260,26.612,1.638,24.974,2993442628723.000,4
COO_spr_Hybrid,16384,0.15,32,8,82.475,2.680,53.103,4.608,48.495,26.692,1.788,24.905,2993442628723.000,4
COO_spr_Hybrid,16384,0.15,32,8,86.198,3.228,21.041,4.973,16.068,61.929,1.889,60.040,2993442628723.000,4
COO_spr_Hybrid,16384,0.15,4,64,86.403,2.931,17.643,4.813,12.830,65.829,0.493,65.336,2993442628723.000,4
COO_spr_Hybrid,16384,0.15,4,64,52.562,2.640,20.239,3.850,16.389,29.682,0.434,29.248,2993442628723.000,4
COO_spr_Hybrid,16384,0.15,4,64,88.765,3.128,47.170,4.849,42.322,38.466,0.714,37.753,2993442628723.000,4
COO_spr_Hybrid,16384,0.15,4,64,73.552,2.880,14.820,3.902,10.918,55.852,0.412,55.440,2993442628723.000,4
COO_spr_Hybrid,16384,0.15,4,64,43.572,3.076,22.378,4.557,17.821,18.119,0.632,17.487,2993442628723.000,4
COO_spr_Hybrid,16384,0.15,4,64,70.073,2.949,13.685,3.902,9.783,53.439,0.410,53.029,2993442628723.000,4
COO_spr_Hybrid,16384,0.15,4,64,71.119,3.072,26.407,4.408,21.999,41.640,0.637,41.004,2993442628723.000,4
COO_spr_Hybrid,16384,0.15,4,64,62.361,2.652,44.041,3.797,40.245,15.668,0.410,15.257,2993442628723.000,4
COO_spr_Hybrid,16384,0.15,4,64,73.019,3.345,29.869,5.242,24.627,39.806,0.715,39.091,2993442628723.000,4
COO_spr_Hybrid,16384,0.15,4,64,69.771,2.966,10.585,3.943,6.642,56.220,0.400,55.820,2993442628723.000,4
COO_spr_Hybrid,16384,0.15,64,4,131.398,3.358,88.600,2.149,86.452,39.439,3.925,35.514,2993442628723.000,4
COO_spr_Hybrid,16384,0.15,64,4,154.176,7.546,32.934,8.771,24.162,113.696,4.231,109.465,2993442628723.000,4
COO_spr_Hybrid,16384,0.15,64,4,108.837,3.561,72.721,2.672,70.049,32.555,3.858,28.696,2993442628723.000,4
COO_spr_Hybrid,16384,0.15,64,4,213.720,3.360,179.462,1.739,177.723,30.898,3.561,27.337,2993442628723.000,4
COO_spr_Hybrid,16384,0.15,64,4,144.906,3.679,93.820,1.779,92.041,47.407,2.255,45.151,2993442628723.000,4
COO_spr_Hybrid,16384,0.15,64,4,127.430,3.700,81.013,5.665,75.348,42.717,4.201,38.516,2993442628723.000,4
COO_spr_Hybrid,16384,0.15,64,4,122.982,3.512,60.103,3.216,56.887,59.367,3.259,56.108,2993442628723.000,4
COO_spr_Hybrid,16384,0.15,64,4,163.195,4.015,85.442,14.357,71.085,73.738,8.647,65.091,2993442628723.000,4
COO_spr_Hybrid,16384,0.15,64,4,135.692,3.386,104.581,2.058,102.523,27.725,2.932,24.793,2993442628723.000,4
COO_spr_Hybrid,16384,0.15,64,4,142.655,4.642,94.823,3.839,90.984,43.190,2.859,40.332,2993442628723.000,4
COO_spr_Hybrid,16384,0.15,8,32,98.946,3.365,57.326,5.187,52.139,38.255,0.813,37.442,2993442628723.000,4
COO_spr_Hybrid,16384,0.15,8,32,81.143,3.016,34.769,4.982,29.787,43.358,0.711,42.647,2993442628723.000,4
COO_spr_Hybrid,16384,0.15,8,32,101.024,3.429,64.920,4.551,60.369,32.675,0.770,31.905,2993442628723.000,4
COO_spr_Hybrid,16384,0.15,8,32,77.808,3.442,27.329,5.447,21.882,47.037,1.045,45.992,2993442628723.000,4
COO_spr_Hybrid,16384,0.15,8,32,196.124,3.553,157.907,5.426,152.481,34.664,0.819,33.845,2993442628723.000,4
COO_spr_Hybrid,16384,0.15,8,32,118.529,3.514,83.056,5.374,77.682,31.959,0.792,31.167,2993442628723.000,4
COO_spr_Hybrid,16384,0.15,8,32,86.238,3.472,34.281,5.502,28.778,48.484,1.051,47.434,2993442628723.000,4
COO_spr_Hybrid,16384,0.15,8,32,85.285,3.332,62.590,5.187,57.402,19.363,0.807,18.556,2993442628723.000,4
COO_spr_Hybrid,16384,0.15,8,32,79.299,3.525,36.738,4.834,31.904,39.037,0.764,38.273,2993442628723.000,4
COO_spr_Hybrid,16384,0.15,8,32,120.366,3.485,80.470,4.831,75.640,36.411,0.755,35.656,2993442628723.000,4
CSR_apr_Hybrid,16384,0.15,16,16,106.708,2.886,66.793,0.958,65.835,37.029,1.140,35.889,2993442628723.000,4
CSR_apr_Hybrid,16384,0.15,16,16,131.116,2.935,79.253,1.180,78.074,48.927,1.050,47.877,2993442628723.000,4
CSR_apr_Hybrid,16384,0.15,16,16,81.561,3.366,39.002,1.340,37.663,39.193,1.315,37.878,2993442628723.000,4
CSR_apr_Hybrid,16384,0.15,16,16,82.588,3.912,38.587,1.148,37.439,40.089,1.818,38.271,2993442628723.000,4
CSR_apr_Hybrid,16384,0.15,16,16,79.629,3.361,36.528,1.292,35.236,39.741,1.602,38.139,2993442628723.000,4
CSR_apr_Hybrid,16384,0.15,16,16,78.680,4.345,30.754,1.416,29.338,43.581,1.837,41.744,2993442628723.000,4
CSR_apr_Hybrid,16384,0.15,16,16,90.286,3.693,44.692,1.034,43.658,41.901,1.856,40.045,2993442628723.000,4
CSR_apr_Hybrid,16384,0.15,16,16,76.086,2.851,26.431,0.857,25.574,46.804,0.985,45.819,2993442628723.000,4
CSR_apr_Hybrid,16384,0.15,16,16,119.015,3.678,79.606,1.513,78.093,35.731,1.738,33.993,2993442628723.000,4
CSR_apr_Hybrid,16384,0.15,16,16,65.659,2.826,35.410,0.832,34.578,27.422,1.108,26.314,2993442628723.000,4
CSR_apr_Hybrid,16384,0.15,32,8,56.341,2.469,26.555,0.928,25.628,27.317,1.738,25.578,2993442628723.000,4
CSR_apr_Hybrid,16384,0.15,32,8,151.465,3.671,21.205,1.738,19.467,126.589,2.560,124.029,2993442628723.000,4
CSR_apr_Hybrid,16384,0.15,32,8,73.005,2.559,44.650,0.850,43.800,25.797,1.470,24.327,2993442628723.000,4
CSR_apr_Hybrid,16384,0.15,32,8,92.431,2.559,62.882,0.964,61.918,26.990,1.557,25.433,2993442628723.000,4
CSR_apr_Hybrid,16384,0.15,32,8,129.179,3.036,56.459,2.799,53.660,69.684,2.436,67.248,2993442628723.000,4
CSR_apr_Hybrid,16384,0.15,32,8,56.241,2.543,28.825,0.801,28.024,24.873,1.686,23.187,2993442628723.000,4
CSR_apr_Hybrid,16384,0.15,32,8,148.242,3.129,94.188,1.136,93.053,50.925,1.313,49.612,2993442628723.000,4
CSR_apr_Hybrid,16384,0.15,32,8,89.594,3.005,54.075,0.791,53.284,32.514,1.857,30.657,2993442628723.000,4
CSR_apr_Hybrid,16384,0.15,32,8,79.884,3.752,14.861,1.286,13.575,61.271,2.581,58.690,2993442628723.000,4
CSR_apr_Hybrid,16384,0.15,32,8,73.475,2.545,45.763,1.081,44.682,25.166,1.100,24.066,2993442628723.000,4
CSR_apr_Hybrid,16384,0.15,4,64,48.380,2.489,16.174,0.761,15.413,29.717,0.462,29.255,2993442628723.000,4
CSR_apr_Hybrid,16384,0.15,4,64,40.032,2.558,12.156,0.776,11.380,25.318,0.480,24.838,2993442628723.000,4
CSR_apr_Hybrid,16384,0.15,4,64,45.995,2.536,15.155,0.745,14.410,28.305,0.461,27.843,2993442628723.000,4
CSR_apr_Hybrid,16384,0.15,4,64,52.202,2.555,22.276,0.753,21.524,27.370,0.428,26.942,2993442628723.000,4
CSR_apr_Hybrid,16384,0.15,4,64,85.077,2.955,9.571,0.934,8.637,72.551,0.561,71.990,2993442628723.000,4
CSR_apr_Hybrid,16384,0.15,4,64,48.500,2.440,15.849,0.763,15.086,30.211,0.373,29.838,2993442628723.000,4
CSR_apr_Hybrid,16384,0.15,4,64,48.783,2.458,19.116,0.751,18.364,27.210,0.461,26.749,2993442628723.000,4
CSR_apr_Hybrid,16384,0.15,4,64,71.066,2.649,9.935,0.832,9.103,58.482,0.439,58.043,2993442628723.000,4
CSR_apr_Hybrid,16384,0.15,4,64,48.623,2.509,18.011,0.760,17.251,28.104,0.414,27.689,2993442628723.000,4
CSR_apr_Hybrid,16384,0.15,4,64,49.485,2.507,16.584,0.749,15.835,30.393,0.411,29.982,2993442628723.000,4
CSR_apr_Hybrid,16384,0.15,64,4,135.492,3.247,83.191,1.322,81.869,49.053,3.018,46.036,2993442628723.000,4
CSR_apr_Hybrid,16384,0.15,64,4,156.464,5.667,21.187,5.336,15.850,129.610,6.406,123.204,2993442628723.000,4
CSR_apr_Hybrid,16384,0.15,64,4,192.188,3.309,144.054,0.916,143.138,44.825,2.222,42.603,2993442628723.000,4
CSR_apr_Hybrid,16384,0.15,64,4,202.959,3.705,81.462,2.501,78.960,117.792,3.786,114.007,2993442628723.000,4
CSR_apr_Hybrid,16384,0.15,64,4,169.625,6.403,102.063,2.429,99.633,61.159,4.693,56.467,2993442628723.000,4
CSR_apr_Hybrid,16384,0.15,64,4,130.206,3.398,77.497,0.881,76.616,49.311,2.991,46.320,2993442628723.000,4
CSR_apr_Hybrid,16384,0.15,64,4,126.000,3.525,80.806,1.094,79.712,41.670,2.573,39.097,2993442628723.000,4
CSR_apr_Hybrid,16384,0.15,64,4,102.060,3.321,23.782,2.145,21.638,74.956,4.722,70.234,2993442628723.000,4
CSR_apr_Hybrid,16384,0.15,64,4,140.661,4.419,74.800,2.856,71.944,61.441,4.183,57.259,2993442628723.000,4
CSR_apr_Hybrid,16384,0.15,64,4,145.260,3.781,85.593,3.728,81.865,55.886,2.977,52.909,2993442628723.000,4
CSR_apr_Hybrid,16384,0.15,8,32,113.240,3.317,52.303,1.177,51.126,57.620,1.016,56.604,2993442628723.000,4
CSR_apr_Hybrid,16384,0.15,8,32,82.994,3.224,12.255,1.041,11.214,67.515,0.980,66.535,2993442628723.000,4
CSR_apr_Hybrid,16384,0.15,8,32,104.611,3.105,49.364,0.795,48.569,52.142,0.921,51.221,2993442628723.000,4
CSR_apr_Hybrid,16384,0.15,8,32,79.834,3.328,11.752,0.988,10.764,64.754,1.563,63.191,2993442628723.000,4
CSR_apr_Hybrid,16384,0.15,8,32,115.342,3.078,27.239,0.854,26.386,85.024,0.890,84.135,2993442628723.000,4
CSR_apr_Hybrid,16384,0.15,8,32,76.195,3.215,21.709,0.827,20.882,51.271,1.099,50.172,2993442628723.000,4
CSR_apr_Hybrid,16384,0.15,8,32,145.095,2.859,97.555,0.801,96.754,44.682,0.804,43.878,2993442628723.000,4
CSR_apr_Hybrid,16384,0.15,8,32,74.382,3.120,22.712,0.996,21.716,48.550,0.824,47.726,2993442628723.000,4
CSR_apr_Hybrid,16384,0.15,8,32,107.895,3.309,55.563,1.489,54.075,49.022,1.155,47.867,2993442628723.000,4
CSR_apr_Hybrid,16384,0.15,8,32,94.248,2.840,35.945,0.772,35.173,55.463,0.721,54.742,2993442628723.000,4
COO_apr_Hybrid,16384,0.15,64,4,105.182,5.235,65.746,2.253,63.492,34.202,7.578,26.623,2993442628723.000,64
COO_apr_Hybrid,16384,0.15,64,4,62.239,3.845,39.892,1.487,38.404,18.502,2.862,15.640,2993442628723.000,64
COO_apr_Hybrid,16384,0.15,64,4,122.500,8.194,58.775,4.193,54.582,55.531,8.923,46.608,2993442628723.000,64
COO_apr_Hybrid,16384,0.15,64,4,87.958,4.819,61.072,2.355,58.717,22.066,6.545,15.522,2993442628723.000,64
COO_apr_Hybrid,16384,0.15,64,4,104.011,4.379,54.263,2.424,51.839,45.369,10.296,35.074,2993442628723.000,64
COO_apr_Hybrid,16384,0.15,64,4,115.140,4.645,61.666,2.289,59.377,48.829,9.882,38.947,2993442628723.000,64
COO_apr_Hybrid,16384,0.15,64,4,88.339,3.900,67.232,1.695,65.538,17.207,2.876,14.331,2993442628723.000,64
COO_apr_Hybrid,16384,0.15,64,4,81.085,2.950,55.392,1.474,53.918,22.744,4.916,17.828,2993442628723.000,64
COO_apr_Hybrid,16384,0.15,64,4,94.072,3.468,66.669,1.494,65.175,23.935,5.463,18.472,2993442628723.000,64
COO_apr_Hybrid,16384,0.15,64,4,94.374,3.353,68.980,1.486,67.493,22.041,5.389,16.653,2993442628723.000,64
COO_spr_Hybrid,16384,0.15,64,4,93.038,4.346,44.655,3.077,41.578,44.037,7.513,36.524,2993442628723.000,64
COO_spr_Hybrid,16384,0.15,64,4,114.279,7.332,54.065,3.708,50.357,52.881,9.292,43.590,2993442628723.000,64
COO_spr_Hybrid,16384,0.15,64,4,94.615,4.454,43.248,2.293,40.955,46.913,9.622,37.291,2993442628723.000,64
COO_spr_Hybrid,16384,0.15,64,4,91.448,4.461,45.107,2.867,42.240,41.880,9.291,32.589,2993442628723.000,64
COO_spr_Hybrid,16384,0.15,64,4,124.676,4.801,60.794,2.857,57.937,59.080,7.724,51.356,2993442628723.000,64
COO_spr_Hybrid,16384,0.15,64,4,87.037,4.194,68.875,1.722,67.154,13.968,1.837,12.131,2993442628723.000,64
COO_spr_Hybrid,16384,0.15,64,4,76.348,3.670,51.575,2.344,49.232,21.102,4.311,16.792,2993442628723.000,64
COO_spr_Hybrid,16384,0.15,64,4,96.801,3.431,71.747,2.368,69.379,21.623,4.283,17.340,2993442628723.000,64
COO_spr_Hybrid,16384,0.15,64,4,96.177,3.600,70.952,2.178,68.774,21.625,4.266,17.360,2993442628723.000,64
COO_spr_Hybrid,16384,0.15,64,4,93.143,4.086,73.834,1.543,72.290,15.223,2.939,12.285,2993442628723.000,64
CSR_apr_Hybrid,16384,0.15,64,4,74.595,3.468,54.569,1.041,53.528,16.559,1.898,14.661,2993442628723.000,64
CSR_apr_Hybrid,16384,0.15,64,4,92.253,3.928,42.164,1.424,40.740,46.160,8.115,38.045,2993442628723.000,64
CSR_apr_Hybrid,16384,0.15,64,4,109.696,6.436,55.374,1.435,53.940,47.885,8.909,38.976,2993442628723.000,64
CSR_apr_Hybrid,16384,0.15,64,4,99.644,3.926,49.537,1.475,48.062,46.182,8.625,37.556,2993442628723.000,64
CSR_apr_Hybrid,16384,0.15,64,4,105.685,4.266,49.547,2.120,47.427,51.872,9.331,42.540,2993442628723.000,64
CSR_apr_Hybrid,16384,0.15,64,4,90.424,3.474,73.246,0.984,72.262,13.704,1.889,11.814,2993442628723.000,64
CSR_apr_Hybrid,16384,0.15,64,4,75.712,3.000,49.912,0.969,48.944,22.800,4.248,18.552,2993442628723.000,64
CSR_apr_Hybrid,16384,0.15,64,4,87.378,3.004,58.349,1.125,57.224,26.026,4.196,21.829,2993442628723.000,64
CSR_apr_Hybrid,16384,0.15,64,4,103.190,2.985,77.208,0.973,76.236,22.997,4.165,18.833,2993442628723.000,64
CSR_apr_Hybrid,16384,0.15,64,4,91.607,3.311,75.623,1.003,74.620,12.673,1.549,11.124,2993442628723.000,64
COO_apr_Hybrid,16384,0.15,16,16,56.962,3.457,27.337,4.600,22.736,26.168,1.877,24.291,2993442628723.000,8
COO_apr_Hybrid,16384,0.15,16,16,52.506,3.483,25.980,4.640,21.340,23.042,1.869,21.173,2993442628723.000,8
COO_apr_Hybrid,16384,0.15,16,16,95.567,2.968,74.821,5.255,69.566,17.778,1.443,16.336,2993442628723.000,8
COO_apr_Hybrid,16384,0.15,16,16,55.853,3.055,29.763,5.179,24.584,23.034,1.473,21.561,2993442628723.000,8
COO_apr_Hybrid,16384,0.15,16,16,62.384,3.449,34.719,4.496,30.223,24.216,1.902,22.314,2993442628723.000,8
COO_apr_Hybrid,16384,0.15,16,16,63.664,3.446,36.014,4.630,31.384,24.203,1.856,22.347,2993442628723.000,8
COO_apr_Hybrid,16384,0.15,16,16,60.872,3.441,31.359,4.526,26.833,26.071,1.862,24.209,2993442628723.000,8
COO_apr_Hybrid,16384,0.15,16,16,81.529,2.989,54.192,4.421,49.771,24.347,1.360,22.987,2993442628723.000,8
COO_apr_Hybrid,16384,0.15,16,16,70.260,3.394,32.091,4.680,27.410,34.775,1.703,33.073,2993442628723.000,8
COO_apr_Hybrid,16384,0.15,16,16,66.124,2.958,29.621,4.584,25.036,33.545,1.228,32.317,2993442628723.000,8
COO_apr_Hybrid,16384,0.15,32,8,94.377,3.996,68.335,4.206,64.129,22.046,3.158,18.888,2993442628723.000,8
COO_apr_Hybrid,16384,0.15,32,8,103.522,3.451,64.851,2.548,62.302,35.220,1.107,34.114,2993442628723.000,8
COO_apr_Hybrid,16384,0.15,32,8,92.843,3.371,59.749,6.711,53.038,29.723,2.710,27.013,2993442628723.000,8
COO_apr_Hybrid,16384,0.15,32,8,95.030,3.979,64.475,4.125,60.350,26.576,2.829,23.747,2993442628723.000,8
COO_apr_Hybrid,16384,0.15,32,8,99.101,3.229,69.627,24.314,45.314,26.245,3.518,22.727,2993442628723.000,8
COO_apr_Hybrid,16384,0.15,32,8,82.960,2.682,63.991,3.099,60.892,16.288,2.196,14.091,2993442628723.000,8
COO_apr_Hybrid,16384,0.15,32,8,104.042,4.376,53.638,3.601,50.037,46.028,6.070,39.957,2993442628723.000,8
COO_apr_Hybrid,16384,0.15,32,8,89.212,3.434,64.976,19.196,45.780,20.802,3.288,17.514,2993442628723.000,8
COO_apr_Hybrid,16384,0.15,32,8,53.981,3.537,34.305,2.575,31.730,16.139,1.844,14.295,2993442628723.000,8
COO_apr_Hybrid,16384,0.15,32,8,135.401,4.443,84.593,7.447,77.147,46.364,5.181,41.183,2993442628723.000,8
COO_apr_Hybrid,16384,0.15,64,4,92.553,3.724,70.584,1.568,69.016,18.246,4.365,13.881,2993442628723.000,8
COO_apr_Hybrid,16384,0.15,64,4,97.540,3.710,72.862,1.451,71.411,20.968,5.274,15.694,2993442628723.000,8
COO_apr_Hybrid,16384,0.15,64,4,109.172,3.551,76.842,2.723,74.119,28.779,2.035,26.744,2993442628723.000,8
COO_apr_Hybrid,16384,0.15,64,4,97.898,4.936,50.197,2.464,47.733,42.765,8.271,34.494,2993442628723.000,8
COO_apr_Hybrid,16384,0.15,64,4,132.450,3.636,104.672,1.550,103.122,24.142,4.269,19.873,2993442628723.000,8
COO_apr_Hybrid,16384,0.15,64,4,132.294,3.472,110.491,2.040,108.451,18.331,4.204,14.127,2993442628723.000,8
COO_apr_Hybrid,16384,0.15,64,4,123.452,3.493,96.588,1.768,94.820,23.371,5.331,18.040,2993442628723.000,8
COO_apr_Hybrid,16384,0.15,64,4,110.120,18.536,42.341,6.209,36.132,49.243,12.100,37.143,2993442628723.000,8
COO_apr_Hybrid,16384,0.15,64,4,118.680,3.475,95.302,1.912,93.390,19.903,5.282,14.621,2993442628723.000,8
COO_apr_Hybrid,16384,0.15,64,4,126.681,3.448,107.215,1.797,105.418,16.017,3.515,12.502,2993442628723.000,8
COO_apr_Hybrid,16384,0.15,8,32,69.852,3.447,42.689,4.205,38.485,23.716,1.133,22.583,2993442628723.000,8
COO_apr_Hybrid,16384,0.15,8,32,62.482,3.466,32.548,4.384,28.164,26.468,1.114,25.354,2993442628723.000,8
COO_apr_Hybrid,16384,0.15,8,32,84.071,6.988,50.150,7.623,42.527,26.933,2.246,24.687,2993442628723.000,8
COO_apr_Hybrid,16384,0.15,8,32,54.595,3.448,25.716,4.176,21.541,25.431,1.141,24.289,2993442628723.000,8
COO_apr_Hybrid,16384,0.15,8,32,68.489,3.434,42.452,3.839,38.612,22.604,0.882,21.721,2993442628723.000,8
COO_apr_Hybrid,16384,0.15,8,32,65.696,3.496,40.604,3.815,36.790,21.596,0.905,20.691,2993442628723.000,8
COO_apr_Hybrid,16384,0.15,8,32,73.593,3.454,46.073,4.279,41.794,24.067,1.103,22.964,2993442628723.000,8
COO_apr_Hybrid,16384,0.15,8,32,61.763,4.072,22.075,5.306,16.769,35.615,2.184,33.431,2993442628723.000,8
COO_apr_Hybrid,16384,0.15,8,32,50.924,4.003,17.149,4.838,12.311,29.772,1.599,28.173,2993442628723.000,8
COO_apr_Hybrid,16384,0.15,8,32,105.604,3.576,82.378,4.877,77.500,19.650,1.199,18.451,2993442628723.000,8
COO_spr_Hybrid,16384,0.15,16,16,98.084,3.774,67.289,5.007,62.281,27.021,1.418,25.603,2993442628723.000,8
COO_spr_Hybrid,16384,0.15,16,16,86.956,3.845,55.859,4.969,50.890,27.252,1.506,25.746,2993442628723.000,8
COO_spr_Hybrid,16384,0.15,16,16,90.424,3.137,51.760,7.387,44.374,35.527,1.506,34.021,2993442628723.000,8
COO_spr_Hybrid,16384,0.15,16,16,58.022,3.031,27.212,5.249,21.963,27.779,1.138,26.641,2993442628723.000,8
COO_spr_Hybrid,16384,0.15,16,16,54.331,2.978,23.429,4.630,18.799,27.924,0.783,27.141,2993442628723.000,8
COO_spr_Hybrid,16384,0.15,16,16,57.653,3.010,27.830,4.582,23.248,26.813,0.858,25.955,2993442628723.000,8
COO_spr_Hybrid,16384,0.15,16,16,72.581,3.906,41.946,4.978,36.968,26.729,1.778,24.951,2993442628723.000,8
COO_spr_Hybrid,16384,0.15,16,16,87.577,3.088,56.765,4.628,52.137,27.725,1.253,26.472,2993442628723.000,8
COO_spr_Hybrid,16384,0.15,16,16,76.686,3.570,45.998,4.766,41.231,27.118,1.349,25.769,2993442628723.000,8
COO_spr_Hybrid,16384,0.15,16,16,96.926,2.995,58.834,3.488,55.346,35.098,0.855,34.243,2993442628723.000,8
COO_spr_Hybrid,16384,0.15,32,8,97.696,3.367,36.894,4.712,32.182,57.435,2.508,54.928,2993442628723.000,8
COO_spr_Hybrid,16384,0.15,32,8,115.498,3.408,45.686,4.458,41.228,66.405,1.981,64.424,2993442628723.000,8
COO_spr_Hybrid,16384,0.15,32,8,96.924,4.188,62.421,5.698,56.722,30.316,2.122,28.194,2993442628723.000,8
COO_spr_Hybrid,16384,0.15,32,8,84.293,3.300,50.512,4.721,45.791,30.482,1.928,28.554,2993442628723.000,8
COO_spr_Hybrid,16384,0.15,32,8,116.195,3.539,84.179,3.587,80.592,28.477,1.744,26.733,2993442628723.000,8
COO_spr_Hybrid,16384,0.15,32,8,132.536,3.786,79.085,7.599,71.486,49.665,2.885,46.780,2993442628723.000,8
COO_spr_Hybrid,16384,0.15,32,8,94.635,3.186,53.018,3.509,49.509,38.430,0.803,37.627,2993442628723.000,8
COO_spr_Hybrid,16384,0.15,32,8,122.128,3.266,86.762,3.932,82.830,32.100,2.202,29.898,2993442628723.000,8
COO_spr_Hybrid,16384,0.15,32,8,113.939,2.734,91.827,3.932,87.895,19.377,1.711,17.666,2993442628723.000,8
COO_spr_Hybrid,16384,0.15,32,8,121.052,3.390,93.494,4.298,89.195,24.168,2.526,21.643,2993442628723.000,8
COO_spr_Hybrid,16384,0.15,64,4,100.878,3.311,38.125,4.055,34.071,59.441,4.553,54.888,2993442628723.000,8
COO_spr_Hybrid,16384,0.15,64,4,119.674,3.399,51.122,4.515,46.607,65.153,4.062,61.091,2993442628723.000,8
COO_spr_Hybrid,16384,0.15,64,4,100.971,3.640,74.675,2.161,72.514,22.655,1.509,21.146,2993442628723.000,8
COO_spr_Hybrid,16384,0.15,64,4,74.482,2.834,55.261,1.375,53.887,16.386,2.971,13.415,2993442628723.000,8
COO_spr_Hybrid,16384,0.15,64,4,135.874,3.646,107.456,2.288,105.168,24.773,3.579,21.194,2993442628723.000,8
COO_spr_Hybrid,16384,0.15,64,4,153.928,3.991,88.739,4.387,84.352,61.198,3.910,57.287,2993442628723.000,8
COO_spr_Hybrid,16384,0.15,64,4,131.673,3.497,57.652,2.784,54.867,70.524,2.976,67.548,2993442628723.000,8
COO_spr_Hybrid,16384,0.15,64,4,99.600,6.873,52.378,4.199,48.179,40.349,4.046,36.303,2993442628723.000,8
COO_spr_Hybrid,16384,0.15,64,4,112.647,4.166,43.811,6.300,37.511,64.671,5.462,59.209,2993442628723.000,8
COO_spr_Hybrid,16384,0.15,64,4,89.858,3.531,42.224,2.481,39.742,44.103,3.146,40.957,2993442628723.000,8
COO_spr_Hybrid,16384,0.15,8,32,67.477,3.526,42.338,3.893,38.445,21.614,0.757,20.857,2993442628723.000,8
COO_spr_Hybrid,16384,0.15,8,32,45.385,2.662,27.492,4.009,23.483,15.232,0.542,14.690,2993442628723.000,8
COO_spr_Hybrid,16384,0.15,8,32,72.929,3.532,47.730,3.906,43.823,21.668,0.757,20.911,2993442628723.000,8
COO_spr_Hybrid,16384,0.15,8,32,46.518,3.142,23.880,4.240,19.640,19.496,0.821,18.675,2993442628723.000,8
COO_spr_Hybrid,16384,0.15,8,32,57.600,2.921,26.384,4.033,22.352,28.294,0.547,27.748,2993442628723.000,8
COO_spr_Hybrid,16384,0.15,8,32,51.674,2.921,17.092,4.065,13.027,31.661,0.551,31.110,2993442628723.000,8
COO_spr_Hybrid,16384,0.15,8,32,65.903,3.535,40.502,3.885,36.617,21.867,0.751,21.115,2993442628723.000,8
COO_spr_Hybrid,16384,0.15,8,32,44.829,2.598,26.290,3.789,22.501,15.940,0.546,15.394,2993442628723.000,8
COO_spr_Hybrid,16384,0.15,8,32,73.532,3.531,52.123,4.177,47.946,17.878,0.785,17.093,2993442628723.000,8
COO_spr_Hybrid,16384,0.15,8,32,45.577,2.577,25.592,4.120,21.472,17.407,0.544,16.863,2993442628723.000,8
CSR_apr_Hybrid,16384,0.15,16,16,91.293,2.842,65.950,0.925,65.025,22.502,1.125,21.377,2993442628723.000,8
CSR_apr_Hybrid,16384,0.15,16,16,102.877,2.928,48.526,0.946,47.581,51.422,1.235,50.187,2993442628723.000,8
CSR_apr_Hybrid,16384,0.15,16,16,84.256,3.095,48.190,1.312,46.879,32.971,0.530,32.440,2993442628723.000,8
CSR_apr_Hybrid,16384,0.15,16,16,77.136,2.734,49.206,0.896,48.310,25.195,1.241,23.955,2993442628723.000,8
CSR_apr_Hybrid,16384,0.15,16,16,82.285,2.966,33.490,0.791,32.699,45.829,1.003,44.826,2993442628723.000,8
CSR_apr_Hybrid,16384,0.15,16,16,77.145,2.456,56.346,0.779,55.566,18.343,0.953,17.391,2993442628723.000,8
CSR_apr_Hybrid,16384,0.15,16,16,67.454,2.893,24.740,0.905,23.835,39.821,1.019,38.802,2993442628723.000,8
CSR_apr_Hybrid,16384,0.15,16,16,111.700,2.685,93.604,0.850,92.755,15.412,0.982,14.429,2993442628723.000,8
CSR_apr_Hybrid,16384,0.15,16,16,106.241,2.672,75.279,0.878,74.401,28.291,1.011,27.280,2993442628723.000,8
CSR_apr_Hybrid,16384,0.15,16,16,75.845,3.648,44.417,1.252,43.166,27.779,2.378,25.401,2993442628723.000,8
CSR_apr_Hybrid,16384,0.15,32,8,96.518,3.213,34.990,1.404,33.586,58.315,2.471,55.845,2993442628723.000,8
CSR_apr_Hybrid,16384,0.15,32,8,113.924,3.104,43.178,1.142,42.036,67.642,1.932,65.710,2993442628723.000,8
CSR_apr_Hybrid,16384,0.15,32,8,94.962,3.776,65.403,1.072,64.331,25.782,2.834,22.948,2993442628723.000,8
CSR_apr_Hybrid,16384,0.15,32,8,129.796,3.188,93.794,1.110,92.684,32.814,2.283,30.531,2993442628723.000,8
CSR_apr_Hybrid,16384,0.15,32,8,134.096,3.250,104.711,1.387,103.325,26.135,1.645,24.490,2993442628723.000,8
CSR_apr_Hybrid,16384,0.15,32,8,142.439,3.265,87.417,2.644,84.773,51.757,2.860,48.897,2993442628723.000,8
CSR_apr_Hybrid,16384,0.15,32,8,127.466,3.302,50.436,1.019,49.418,73.727,2.440,71.288,2993442628723.000,8
CSR_apr_Hybrid,16384,0.15,32,8,77.003,3.260,42.663,1.386,41.277,31.079,1.801,29.279,2993442628723.000,8
CSR_apr_Hybrid,16384,0.15,32,8,107.345,3.730,35.729,2.553,33.175,67.887,4.410,63.477,2993442628723.000,8
CSR_apr_Hybrid,16384,0.15,32,8,84.724,3.164,40.135,1.096,39.039,41.424,2.475,38.949,2993442628723.000,8
CSR_apr_Hybrid,16384,0.15,64,4,93.286,3.103,68.434,0.836,67.598,21.749,2.554,19.195,2993442628723.000,8
CSR_apr_Hybrid,16384,0.15,64,4,113.782,3.372,76.995,1.110,75.885,33.416,3.455,29.961,2993442628723.000,8
CSR_apr_Hybrid,16384,0.15,64,4,109.862,3.318,80.044,2.299,77.745,26.500,2.560,23.940,2993442628723.000,8
CSR_apr_Hybrid,16384,0.15,64,4,63.960,2.760,36.607,0.914,35.694,24.592,2.134,22.458,2993442628723.000,8
CSR_apr_Hybrid,16384,0.15,64,4,68.417,2.629,40.263,0.961,39.302,25.524,2.875,22.649,2993442628723.000,8
CSR_apr_Hybrid,16384,0.15,64,4,142.633,3.930,50.165,0.913,49.252,88.537,1.619,86.918,2993442628723.000,8
CSR_apr_Hybrid,16384,0.15,64,4,126.712,3.320,46.984,2.984,44.000,76.408,4.171,72.237,2993442628723.000,8
CSR_apr_Hybrid,16384,0.15,64,4,81.810,3.239,57.898,1.251,56.647,20.672,1.516,19.157,2993442628723.000,8
CSR_apr_Hybrid,16384,0.15,64,4,111.033,3.334,39.134,1.114,38.020,68.565,2.358,66.207,2993442628723.000,8
CSR_apr_Hybrid,16384,0.15,64,4,104.368,3.326,84.379,0.987,83.392,16.663,2.883,13.781,2993442628723.000,8
CSR_apr_Hybrid,16384,0.15,8,32,75.910,3.033,49.271,1.266,48.005,23.607,0.682,22.925,2993442628723.000,8
CSR_apr_Hybrid,16384,0.15,8,32,76.902,3.040,50.402,1.173,49.229,23.460,0.699,22.761,2993442628723.000,8
CSR_apr_Hybrid,16384,0.15,8,32,61.656,2.735,37.705,1.085,36.620,21.216,0.769,20.447,2993442628723.000,8
CSR_apr_Hybrid,16384,0.15,8,32,44.575,3.517,15.208,1.101,14.106,25.850,1.162,24.688,2993442628723.000,8
CSR_apr_Hybrid,16384,0.15,8,32,68.573,2.889,12.937,0.938,12.000,52.747,0.660,52.087,2993442628723.000,8
CSR_apr_Hybrid,16384,0.15,8,32,45.443,2.870,15.594,0.818,14.777,26.978,0.677,26.302,2993442628723.000,8
CSR_apr_Hybrid,16384,0.15,8,32,76.516,2.994,49.967,1.000,48.967,23.555,0.727,22.828,2993442628723.000,8
CSR_apr_Hybrid,16384,0.15,8,32,73.207,2.768,47.954,1.121,46.833,22.485,0.902,21.582,2993442628723.000,8
CSR_apr_Hybrid,16384,0.15,8,32,87.885,2.953,63.513,0.992,62.521,21.419,0.708,20.711,2993442628723.000,8
CSR_apr_Hybrid,16384,0.15,8,32,78.892,2.745,47.499,0.976,46.522,28.649,0.788,27.861,2993442628723.000,8
