type,n,density,processes,threads,total_time,generation_time,comm_total,comm_dist,comm_aggr,computation_total,computation_sort,computation_mult,sum_check
CSR_apr_Hybrid,16384,0.15,16,2,131.979,3.390,49.529,0.901,48.628,79.061,4.788,74.272,2993442628723.000
CSR_apr_Hybrid,16384,0.15,16,2,90.940,3.009,9.010,0.507,8.502,78.922,3.126,75.796,2993442628723.000
CSR_apr_Hybrid,16384,0.15,16,2,91.534,3.002,6.817,0.489,6.329,81.715,2.690,79.025,2993442628723.000
CSR_apr_Hybrid,16384,0.15,16,2,91.426,3.082,8.096,0.578,7.519,80.247,3.413,76.834,2993442628723.000
CSR_apr_Hybrid,16384,0.15,16,2,117.464,3.086,12.570,0.523,12.047,101.809,4.136,97.673,2993442628723.000
CSR_apr_Hybrid,16384,0.15,16,2,140.439,3.368,28.084,0.510,27.574,108.987,3.602,105.385,2993442628723.000
CSR_apr_Hybrid,16384,0.15,16,2,142.003,3.331,47.898,1.008,46.890,90.773,4.227,86.546,2993442628723.000
CSR_apr_Hybrid,16384,0.15,16,2,124.236,3.257,19.030,0.513,18.517,101.948,3.872,98.077,2993442628723.000
CSR_apr_Hybrid,16384,0.15,16,2,141.764,3.273,55.789,0.506,55.283,82.703,3.284,79.418,2993442628723.000
CSR_apr_Hybrid,16384,0.15,16,2,161.443,3.021,58.254,0.506,57.748,100.168,2.307,97.861,2993442628723.000
CSR_apr_Hybrid,16384,0.15,2,2,523.673,2.827,4.517,0.505,4.012,516.329,3.953,512.376,2993442628723.000
CSR_apr_Hybrid,16384,0.15,2,2,525.485,2.822,8.072,0.508,7.564,514.591,3.946,510.645,2993442628723.000
CSR_apr_Hybrid,16384,0.15,2,2,525.159,2.904,35.600,0.878,34.722,486.655,4.823,481.832,2993442628723.000
CSR_apr_Hybrid,16384,0.15,2,2,529.118,2.854,5.327,0.563,4.764,520.937,4.374,516.563,2993442628723.000
CSR_apr_Hybrid,16384,0.15,2,2,532.000,2.813,16.628,0.509,16.120,512.559,3.920,508.639,2993442628723.000
CSR_apr_Hybrid,16384,0.15,2,2,577.893,3.706,5.716,0.801,4.915,568.471,3.181,565.290,2993442628723.000
CSR_apr_Hybrid,16384,0.15,2,2,523.922,2.916,5.986,0.508,5.478,515.020,3.943,511.077,2993442628723.000
CSR_apr_Hybrid,16384,0.15,2,2,836.730,3.178,5.168,1.042,4.125,828.384,5.197,823.187,2993442628723.000
CSR_apr_Hybrid,16384,0.15,2,2,584.145,3.705,11.698,0.789,10.909,568.741,2.990,565.751,2993442628723.000
CSR_apr_Hybrid,16384,0.15,2,2,524.903,2.817,4.854,0.500,4.354,517.231,4.831,512.400,2993442628723.000
CSR_apr_Hybrid,16384,0.15,32,2,51.630,2.621,8.876,0.417,8.459,40.133,2.090,38.043,2993442628723.000
CSR_apr_Hybrid,16384,0.15,32,2,72.254,2.619,30.436,0.413,30.023,39.200,2.228,36.971,2993442628723.000
CSR_apr_Hybrid,16384,0.15,32,2,51.963,2.613,8.325,0.426,7.898,41.025,3.257,37.768,2993442628723.000
CSR_apr_Hybrid,16384,0.15,32,2,50.862,2.607,8.472,0.408,8.064,39.784,2.091,37.692,2993442628723.000
CSR_apr_Hybrid,16384,0.15,32,2,62.924,2.651,21.054,0.408,20.646,39.218,2.160,37.058,2993442628723.000
CSR_apr_Hybrid,16384,0.15,32,2,49.394,3.025,8.183,0.402,7.781,38.186,1.901,36.285,2993442628723.000
CSR_apr_Hybrid,16384,0.15,32,2,63.744,3.065,11.741,0.631,11.110,48.937,2.418,46.519,2993442628723.000
CSR_apr_Hybrid,16384,0.15,32,2,57.771,2.920,9.644,0.558,9.085,45.207,2.132,43.075,2993442628723.000
CSR_apr_Hybrid,16384,0.15,32,2,129.125,2.841,50.323,0.550,49.773,75.961,2.695,73.266,2993442628723.000
CSR_apr_Hybrid,16384,0.15,32,2,110.655,2.855,32.566,0.789,31.777,75.235,2.909,72.325,2993442628723.000
CSR_apr_Hybrid,16384,0.15,4,2,271.899,3.104,11.868,0.574,11.294,256.927,3.364,253.563,2993442628723.000
CSR_apr_Hybrid,16384,0.15,4,2,278.350,2.832,11.967,0.504,11.463,263.551,3.471,260.080,2993442628723.000
CSR_apr_Hybrid,16384,0.15,4,2,279.003,2.824,4.605,0.508,4.097,271.574,3.846,267.728,2993442628723.000
CSR_apr_Hybrid,16384,0.15,4,2,279.070,2.831,4.735,0.579,4.157,271.503,3.791,267.712,2993442628723.000
CSR_apr_Hybrid,16384,0.15,4,2,290.590,2.862,23.737,0.551,23.186,263.991,3.489,260.503,2993442628723.000
CSR_apr_Hybrid,16384,0.15,4,2,280.761,2.874,4.572,0.506,4.066,273.315,3.802,269.513,2993442628723.000
CSR_apr_Hybrid,16384,0.15,4,2,287.541,3.113,14.783,0.860,13.923,269.645,4.178,265.467,2993442628723.000
CSR_apr_Hybrid,16384,0.15,4,2,291.853,2.817,23.940,0.608,23.332,265.095,3.449,261.646,2993442628723.000
CSR_apr_Hybrid,16384,0.15,4,2,294.212,2.835,25.907,0.672,25.236,265.469,3.456,262.013,2993442628723.000
CSR_apr_Hybrid,16384,0.15,4,2,347.695,3.064,6.589,0.524,6.065,338.042,3.810,334.232,2993442628723.000
CSR_apr_Hybrid,16384,0.15,8,2,139.927,2.449,5.435,0.418,5.017,132.043,2.682,129.361,2993442628723.000
CSR_apr_Hybrid,16384,0.15,8,2,140.142,2.435,7.266,0.444,6.822,130.441,3.407,127.033,2993442628723.000
CSR_apr_Hybrid,16384,0.15,8,2,143.043,2.412,10.324,0.417,9.907,130.307,3.313,126.993,2993442628723.000
CSR_apr_Hybrid,16384,0.15,8,2,151.632,2.853,8.514,0.503,8.011,140.264,3.356,136.908,2993442628723.000
CSR_apr_Hybrid,16384,0.15,8,2,139.791,2.535,5.127,0.497,4.630,132.130,3.491,128.638,2993442628723.000
CSR_apr_Hybrid,16384,0.15,8,2,153.858,2.831,7.057,0.491,6.566,143.970,2.908,141.062,2993442628723.000
CSR_apr_Hybrid,16384,0.15,8,2,160.042,2.972,23.172,0.707,22.464,133.898,4.242,129.655,2993442628723.000
CSR_apr_Hybrid,16384,0.15,8,2,141.119,2.483,5.590,0.412,5.178,133.045,3.299,129.747,2993442628723.000
CSR_apr_Hybrid,16384,0.15,8,2,150.957,2.827,8.839,0.493,8.346,139.291,2.738,136.553,2993442628723.000
CSR_apr_Hybrid,16384,0.15,8,2,241.734,2.567,109.881,0.391,109.490,129.286,2.234,127.051,2993442628723.000
CSR_apr_Hybrid,16384,0.15,16,4,54.367,2.548,10.627,0.427,10.200,41.192,2.780,38.413,2993442628723.000
CSR_apr_Hybrid,16384,0.15,16,4,74.191,2.865,26.412,0.607,25.805,44.914,3.471,41.443,2993442628723.000
CSR_apr_Hybrid,16384,0.15,16,4,63.661,3.048,11.407,0.735,10.672,49.205,3.491,45.715,2993442628723.000
CSR_apr_Hybrid,16384,0.15,16,4,95.050,3.050,8.596,0.708,7.888,83.404,3.759,79.645,2993442628723.000
CSR_apr_Hybrid,16384,0.15,16,4,58.914,2.601,14.930,0.497,14.433,41.383,2.753,38.630,2993442628723.000
CSR_apr_Hybrid,16384,0.15,16,4,49.234,2.894,6.915,0.446,6.469,39.425,3.007,36.418,2993442628723.000
CSR_apr_Hybrid,16384,0.15,16,4,54.754,2.915,7.848,0.513,7.335,43.991,3.234,40.758,2993442628723.000
CSR_apr_Hybrid,16384,0.15,16,4,55.396,2.865,6.085,0.417,5.669,46.446,2.994,43.451,2993442628723.000
CSR_apr_Hybrid,16384,0.15,16,4,61.787,3.085,9.234,0.744,8.490,49.469,3.973,45.496,2993442628723.000
CSR_apr_Hybrid,16384,0.15,16,4,63.281,3.120,11.231,0.714,10.518,48.930,3.098,45.832,2993442628723.000
CSR_apr_Hybrid,16384,0.15,2,16,98.145,2.820,4.451,0.635,3.816,90.873,1.010,89.863,2993442628723.000
CSR_apr_Hybrid,16384,0.15,2,16,97.131,2.829,5.245,0.682,4.563,89.057,1.052,88.005,2993442628723.000
CSR_apr_Hybrid,16384,0.15,2,16,117.680,3.111,14.450,1.576,12.874,100.119,1.521,98.598,2993442628723.000
CSR_apr_Hybrid,16384,0.15,2,16,81.129,2.420,2.741,0.449,2.293,75.967,0.927,75.040,2993442628723.000
CSR_apr_Hybrid,16384,0.15,2,16,154.254,2.832,52.664,0.793,51.871,98.758,1.143,97.615,2993442628723.000
CSR_apr_Hybrid,16384,0.15,2,16,87.278,2.880,6.204,0.994,5.211,78.194,1.326,76.868,2993442628723.000
CSR_apr_Hybrid,16384,0.15,2,16,138.254,2.845,35.895,0.729,35.166,99.514,1.139,98.375,2993442628723.000
CSR_apr_Hybrid,16384,0.15,2,16,142.637,3.187,45.612,1.256,44.356,93.838,1.411,92.426,2993442628723.000
CSR_apr_Hybrid,16384,0.15,2,16,95.314,2.823,4.896,0.523,4.373,87.595,1.102,86.493,2993442628723.000
CSR_apr_Hybrid,16384,0.15,2,16,146.345,3.072,5.831,1.684,4.147,137.443,1.356,136.087,2993442628723.000
CSR_apr_Hybrid,16384,0.15,2,32,57.899,2.399,2.864,0.391,2.473,52.636,0.515,52.121,2993442628723.000
CSR_apr_Hybrid,16384,0.15,2,32,56.500,2.433,3.338,0.434,2.904,50.729,0.544,50.186,2993442628723.000
CSR_apr_Hybrid,16384,0.15,2,32,63.754,2.899,5.448,0.695,4.753,55.407,0.821,54.586,2993442628723.000
CSR_apr_Hybrid,16384,0.15,2,32,58.199,2.727,2.810,0.387,2.423,52.662,0.597,52.065,2993442628723.000
CSR_apr_Hybrid,16384,0.15,2,32,60.348,2.765,6.334,0.462,5.872,51.250,0.591,50.659,2993442628723.000
CSR_apr_Hybrid,16384,0.15,2,32,54.246,2.408,2.824,0.422,2.401,49.014,0.549,48.464,2993442628723.000
CSR_apr_Hybrid,16384,0.15,2,32,56.514,2.501,3.199,0.422,2.777,50.814,0.547,50.266,2993442628723.000
CSR_apr_Hybrid,16384,0.15,2,32,57.464,2.412,4.639,0.416,4.223,50.414,0.548,49.866,2993442628723.000
CSR_apr_Hybrid,16384,0.15,2,32,56.146,2.794,3.431,0.467,2.964,49.921,0.591,49.331,2993442628723.000
CSR_apr_Hybrid,16384,0.15,2,32,65.305,2.799,4.689,0.631,4.058,57.816,0.625,57.191,2993442628723.000
CSR_apr_Hybrid,16384,0.15,2,4,270.580,2.922,4.530,0.930,3.600,263.128,3.577,259.552,2993442628723.000
CSR_apr_Hybrid,16384,0.15,2,4,287.316,2.819,3.330,0.513,2.817,281.167,3.315,277.852,2993442628723.000
CSR_apr_Hybrid,16384,0.15,2,4,280.713,2.828,3.361,0.501,2.860,274.524,3.303,271.221,2993442628723.000
CSR_apr_Hybrid,16384,0.15,2,4,284.973,2.831,10.927,0.517,10.411,271.215,3.238,267.978,2993442628723.000
CSR_apr_Hybrid,16384,0.15,2,4,290.661,2.853,3.336,0.496,2.840,284.471,3.290,281.181,2993442628723.000
CSR_apr_Hybrid,16384,0.15,2,4,312.786,3.712,7.722,0.807,6.915,301.352,2.290,299.062,2993442628723.000
CSR_apr_Hybrid,16384,0.15,2,4,277.704,3.084,3.362,0.517,2.845,271.258,3.592,267.666,2993442628723.000
CSR_apr_Hybrid,16384,0.15,2,4,457.726,3.207,93.514,1.133,92.381,361.005,4.325,356.680,2993442628723.000
CSR_apr_Hybrid,16384,0.15,2,4,449.710,2.853,162.663,0.601,162.062,284.195,2.913,281.282,2993442628723.000
CSR_apr_Hybrid,16384,0.15,2,4,575.561,3.389,52.859,1.353,51.506,519.313,3.957,515.356,2993442628723.000
CSR_apr_Hybrid,16384,0.15,2,8,141.962,2.504,4.027,0.369,3.658,135.432,1.654,133.778,2993442628723.000
CSR_apr_Hybrid,16384,0.15,2,8,143.925,2.417,2.847,0.504,2.343,138.661,1.647,137.013,2993442628723.000
CSR_apr_Hybrid,16384,0.15,2,8,161.647,2.951,3.134,0.487,2.647,155.561,1.925,153.636,2993442628723.000
CSR_apr_Hybrid,16384,0.15,2,8,163.978,3.090,9.135,0.544,8.591,151.753,2.028,149.724,2993442628723.000
CSR_apr_Hybrid,16384,0.15,2,8,176.124,3.132,20.373,1.050,19.323,152.618,2.417,150.201,2993442628723.000
CSR_apr_Hybrid,16384,0.15,2,8,141.921,2.411,2.951,0.520,2.431,136.559,1.655,134.904,2993442628723.000
CSR_apr_Hybrid,16384,0.15,2,8,144.009,2.573,6.389,0.424,5.965,135.046,1.757,133.290,2993442628723.000
CSR_apr_Hybrid,16384,0.15,2,8,155.237,3.059,3.861,0.672,3.189,148.316,2.055,146.261,2993442628723.000
CSR_apr_Hybrid,16384,0.15,2,8,160.671,2.839,3.277,0.619,2.658,154.556,1.909,152.646,2993442628723.000
CSR_apr_Hybrid,16384,0.15,2,8,217.229,2.899,49.706,0.882,48.824,164.624,2.137,162.487,2993442628723.000
CSR_apr_Hybrid,16384,0.15,4,16,53.140,2.413,5.168,0.462,4.706,45.558,0.948,44.610,2993442628723.000
CSR_apr_Hybrid,16384,0.15,4,16,74.166,2.588,11.450,0.425,11.024,60.128,1.034,59.094,2993442628723.000
CSR_apr_Hybrid,16384,0.15,4,16,54.244,2.768,7.326,0.475,6.850,44.150,1.034,43.116,2993442628723.000
CSR_apr_Hybrid,16384,0.15,4,16,60.468,2.966,12.088,0.727,11.362,45.414,1.266,44.147,2993442628723.000
CSR_apr_Hybrid,16384,0.15,4,16,76.244,2.901,7.810,1.011,6.799,65.532,1.331,64.201,2993442628723.000
CSR_apr_Hybrid,16384,0.15,4,16,55.200,2.790,7.647,0.477,7.170,44.763,1.042,43.721,2993442628723.000
CSR_apr_Hybrid,16384,0.15,4,16,69.619,2.721,14.075,0.670,13.406,52.823,1.116,51.707,2993442628723.000
CSR_apr_Hybrid,16384,0.15,4,16,49.018,2.408,4.517,0.499,4.018,42.093,0.946,41.147,2993442628723.000
CSR_apr_Hybrid,16384,0.15,4,16,52.020,2.416,4.431,0.434,3.997,45.173,0.946,44.227,2993442628723.000
CSR_apr_Hybrid,16384,0.15,4,16,126.203,2.903,34.706,0.854,33.852,88.593,1.294,87.299,2993442628723.000
CSR_apr_Hybrid,16384,0.15,4,4,152.191,2.853,8.445,0.517,7.928,140.893,2.958,137.935,2993442628723.000
CSR_apr_Hybrid,16384,0.15,4,4,141.046,2.420,4.209,0.524,3.686,134.417,2.786,131.632,2993442628723.000
CSR_apr_Hybrid,16384,0.15,4,4,154.209,2.968,9.934,0.522,9.412,141.307,3.105,138.202,2993442628723.000
CSR_apr_Hybrid,16384,0.15,4,4,137.221,2.752,6.181,0.418,5.763,128.288,3.174,125.114,2993442628723.000
CSR_apr_Hybrid,16384,0.15,4,4,152.745,2.844,4.565,0.521,4.044,145.337,3.031,142.306,2993442628723.000
CSR_apr_Hybrid,16384,0.15,4,4,248.527,2.863,103.195,0.561,102.634,142.469,2.828,139.641,2993442628723.000
CSR_apr_Hybrid,16384,0.15,4,4,278.571,2.828,128.342,0.763,127.580,147.400,3.738,143.662,2993442628723.000
CSR_apr_Hybrid,16384,0.15,4,4,140.459,2.425,4.192,0.486,3.706,133.842,2.663,131.179,2993442628723.000
CSR_apr_Hybrid,16384,0.15,4,4,154.108,2.837,8.885,0.565,8.320,142.386,3.192,139.194,2993442628723.000
CSR_apr_Hybrid,16384,0.15,4,4,163.896,3.118,16.544,0.886,15.658,144.234,3.565,140.669,2993442628723.000
CSR_apr_Hybrid,16384,0.15,4,8,95.249,3.096,6.443,0.535,5.907,85.711,2.133,83.578,2993442628723.000
CSR_apr_Hybrid,16384,0.15,4,8,95.721,2.818,4.741,0.651,4.090,88.162,1.925,86.237,2993442628723.000
CSR_apr_Hybrid,16384,0.15,4,8,96.407,2.829,5.053,0.596,4.457,88.525,1.946,86.579,2993442628723.000
CSR_apr_Hybrid,16384,0.15,4,8,93.636,2.856,5.018,0.644,4.374,85.762,1.881,83.881,2993442628723.000
CSR_apr_Hybrid,16384,0.15,4,8,124.231,2.854,35.715,0.520,35.195,85.662,1.904,83.758,2993442628723.000
CSR_apr_Hybrid,16384,0.15,4,8,79.763,2.692,4.436,0.491,3.945,72.636,1.665,70.971,2993442628723.000
CSR_apr_Hybrid,16384,0.15,4,8,89.098,2.937,9.352,0.770,8.582,76.809,2.372,74.437,2993442628723.000
CSR_apr_Hybrid,16384,0.15,4,8,119.624,2.697,6.664,0.494,6.170,110.263,1.907,108.356,2993442628723.000
CSR_apr_Hybrid,16384,0.15,4,8,153.327,2.930,6.148,0.886,5.262,144.249,2.235,142.014,2993442628723.000
CSR_apr_Hybrid,16384,0.15,4,8,196.293,2.827,95.587,0.876,94.711,97.879,2.191,95.688,2993442628723.000
CSR_apr_Hybrid,16384,0.15,8,4,79.171,2.481,6.372,0.469,5.903,70.317,2.749,67.568,2993442628723.000
CSR_apr_Hybrid,16384,0.15,8,4,93.804,2.849,10.297,0.509,9.788,80.658,3.143,77.515,2993442628723.000
CSR_apr_Hybrid,16384,0.15,8,4,83.111,2.411,9.651,0.430,9.221,71.049,2.846,68.203,2993442628723.000
CSR_apr_Hybrid,16384,0.15,8,4,130.408,3.185,45.984,0.931,45.053,81.239,4.127,77.112,2993442628723.000
CSR_apr_Hybrid,16384,0.15,8,4,123.359,3.151,16.370,0.538,15.832,103.838,3.678,100.160,2993442628723.000
CSR_apr_Hybrid,16384,0.15,8,4,81.038,2.892,6.874,0.404,6.470,71.272,3.040,68.232,2993442628723.000
CSR_apr_Hybrid,16384,0.15,8,4,82.358,2.744,9.805,0.418,9.388,69.808,3.040,66.768,2993442628723.000
CSR_apr_Hybrid,16384,0.15,8,4,108.975,2.821,8.827,0.514,8.313,97.327,3.164,94.163,2993442628723.000
CSR_apr_Hybrid,16384,0.15,8,4,115.987,2.927,35.629,0.709,34.921,77.431,3.854,73.577,2993442628723.000
CSR_apr_Hybrid,16384,0.15,8,4,145.647,2.823,9.202,0.517,8.685,133.622,3.219,130.403,2993442628723.000
CSR_apr_Hybrid,16384,0.15,8,8,49.921,2.781,6.862,0.432,6.430,40.279,1.860,38.419,2993442628723.000
CSR_apr_Hybrid,16384,0.15,8,8,47.862,2.733,5.463,0.408,5.056,39.665,1.847,37.818,2993442628723.000
CSR_apr_Hybrid,16384,0.15,8,8,50.877,2.871,6.146,0.461,5.685,41.860,1.850,40.010,2993442628723.000
CSR_apr_Hybrid,16384,0.15,8,8,50.389,2.429,7.185,0.444,6.741,40.775,1.664,39.111,2993442628723.000
CSR_apr_Hybrid,16384,0.15,8,8,129.496,2.942,9.804,0.799,9.005,116.750,2.248,114.502,2993442628723.000
CSR_apr_Hybrid,16384,0.15,8,8,51.018,2.445,7.036,0.424,6.612,41.537,1.705,39.832,2993442628723.000
CSR_apr_Hybrid,16384,0.15,8,8,54.799,2.904,7.473,0.467,7.005,44.422,1.863,42.559,2993442628723.000
CSR_apr_Hybrid,16384,0.15,8,8,71.354,3.053,23.083,0.781,22.301,45.218,2.319,42.899,2993442628723.000
CSR_apr_Hybrid,16384,0.15,8,8,78.568,2.656,6.351,0.505,5.845,69.561,1.913,67.648,2993442628723.000
CSR_apr_Hybrid,16384,0.15,8,8,70.300,2.885,17.133,0.563,16.569,50.283,2.018,48.265,2993442628723.000
CSR_apr_MPI,16384,0.15,16,1,147.620,3.020,7.830,0.479,7.351,136.770,0.882,135.888,2993442628723.000
CSR_apr_MPI,16384,0.15,16,1,141.965,3.017,6.415,0.477,5.938,132.533,0.883,131.649,2993442628723.000
CSR_apr_MPI,16384,0.15,16,1,167.465,4.287,6.638,0.732,5.906,156.541,2.924,153.617,2993442628723.000
CSR_apr_MPI,16384,0.15,16,1,146.653,2.965,11.192,0.528,10.664,132.496,0.885,131.611,2993442628723.000
CSR_apr_MPI,16384,0.15,16,1,150.212,3.393,10.223,0.832,9.391,136.596,1.849,134.748,2993442628723.000
CSR_apr_MPI,16384,0.15,16,1,144.729,3.281,12.325,0.487,11.838,129.123,0.882,128.241,2993442628723.000
CSR_apr_MPI,16384,0.15,16,1,143.126,3.172,7.491,0.485,7.006,132.464,0.901,131.563,2993442628723.000
CSR_apr_MPI,16384,0.15,16,1,180.381,3.126,45.459,0.660,44.800,131.796,1.603,130.194,2993442628723.000
CSR_apr_MPI,16384,0.15,16,1,147.740,3.010,10.254,0.569,9.685,134.476,1.183,133.293,2993442628723.000
CSR_apr_MPI,16384,0.15,16,1,295.042,2.971,11.355,0.484,10.871,280.716,0.883,279.833,2993442628723.000
CSR_apr_MPI,16384,0.15,2,1,918.906,2.941,4.304,0.848,3.457,911.661,1.647,910.014,2993442628723.000
CSR_apr_MPI,16384,0.15,2,1,909.871,2.403,10.350,0.415,9.935,897.118,0.787,896.331,2993442628723.000
CSR_apr_MPI,16384,0.15,2,1,1005.430,3.155,6.246,0.978,5.269,996.029,1.802,994.226,2993442628723.000
CSR_apr_MPI,16384,0.15,2,1,981.837,2.862,6.730,0.512,6.218,972.245,0.867,971.378,2993442628723.000
CSR_apr_MPI,16384,0.15,2,1,977.231,2.811,3.293,0.496,2.797,971.127,0.870,970.257,2993442628723.000
CSR_apr_MPI,16384,0.15,2,1,980.721,2.810,3.229,0.492,2.737,974.682,0.874,973.808,2993442628723.000
CSR_apr_MPI,16384,0.15,2,1,914.532,2.406,13.650,0.413,13.237,898.477,0.791,897.686,2993442628723.000
CSR_apr_MPI,16384,0.15,2,1,979.296,2.810,9.852,0.512,9.340,966.634,0.867,965.766,2993442628723.000
CSR_apr_MPI,16384,0.15,2,1,995.112,3.121,4.733,0.921,3.813,987.258,1.769,985.489,2993442628723.000
CSR_apr_MPI,16384,0.15,2,1,1025.415,2.903,3.552,0.511,3.041,1018.959,0.866,1018.093,2993442628723.000
CSR_apr_MPI,16384,0.15,32,1,101.198,3.242,15.153,0.486,14.667,82.803,0.891,81.912,2993442628723.000
CSR_apr_MPI,16384,0.15,32,1,95.367,3.065,14.900,0.612,14.288,77.403,0.903,76.499,2993442628723.000
CSR_apr_MPI,16384,0.15,32,1,87.404,3.185,9.170,0.475,8.695,75.049,0.900,74.149,2993442628723.000
CSR_apr_MPI,16384,0.15,32,1,107.024,3.123,29.026,0.477,28.549,74.875,0.897,73.977,2993442628723.000
CSR_apr_MPI,16384,0.15,32,1,141.527,3.102,11.589,0.485,11.103,126.836,0.911,125.925,2993442628723.000
CSR_apr_MPI,16384,0.15,32,1,91.821,3.131,11.838,0.541,11.297,76.852,0.911,75.941,2993442628723.000
CSR_apr_MPI,16384,0.15,32,1,88.219,3.137,10.144,0.486,9.658,74.938,0.898,74.041,2993442628723.000
CSR_apr_MPI,16384,0.15,32,1,155.557,3.242,64.582,0.681,63.901,87.733,1.662,86.072,2993442628723.000
CSR_apr_MPI,16384,0.15,32,1,207.785,3.191,100.332,0.478,99.854,104.262,0.896,103.366,2993442628723.000
CSR_apr_MPI,16384,0.15,32,1,266.719,3.834,46.143,1.526,44.618,216.742,2.449,214.293,2993442628723.000
CSR_apr_MPI,16384,0.15,4,1,456.357,2.435,5.440,0.425,5.015,448.482,0.793,447.689,2993442628723.000
CSR_apr_MPI,16384,0.15,4,1,480.569,3.104,7.858,0.515,7.343,469.607,0.839,468.768,2993442628723.000
CSR_apr_MPI,16384,0.15,4,1,502.332,3.194,6.106,0.754,5.352,493.032,1.737,491.296,2993442628723.000
CSR_apr_MPI,16384,0.15,4,1,500.357,2.832,8.549,0.613,7.936,488.975,1.158,487.817,2993442628723.000
CSR_apr_MPI,16384,0.15,4,1,458.765,2.413,9.541,0.420,9.121,446.811,0.785,446.025,2993442628723.000
CSR_apr_MPI,16384,0.15,4,1,506.570,3.191,6.095,0.857,5.237,497.284,1.796,495.487,2993442628723.000
CSR_apr_MPI,16384,0.15,4,1,486.887,3.131,10.175,0.520,9.655,473.580,0.862,472.718,2993442628723.000
CSR_apr_MPI,16384,0.15,4,1,493.395,2.818,4.866,0.505,4.361,485.711,0.873,484.838,2993442628723.000
CSR_apr_MPI,16384,0.15,4,1,494.008,2.830,4.578,0.508,4.070,486.600,0.867,485.732,2993442628723.000
CSR_apr_MPI,16384,0.15,4,1,494.248,2.798,7.763,0.517,7.246,483.686,0.880,482.806,2993442628723.000
CSR_apr_MPI,16384,0.15,64,1,51.518,3.098,10.932,0.432,10.500,37.487,0.930,36.557,2993442628723.000
CSR_apr_MPI,16384,0.15,64,1,50.076,3.054,9.602,0.431,9.172,37.420,0.929,36.492,2993442628723.000
CSR_apr_MPI,16384,0.15,64,1,56.137,2.946,14.832,0.432,14.401,38.358,0.917,37.441,2993442628723.000
CSR_apr_MPI,16384,0.15,64,1,104.975,3.174,23.602,0.518,23.083,78.199,0.999,77.200,2993442628723.000
CSR_apr_MPI,16384,0.15,64,1,50.782,2.969,10.787,0.429,10.358,37.027,0.906,36.120,2993442628723.000
CSR_apr_MPI,16384,0.15,64,1,50.605,3.018,10.395,0.434,9.960,37.193,0.928,36.264,2993442628723.000
CSR_apr_MPI,16384,0.15,64,1,53.219,3.124,12.519,0.439,12.080,37.576,0.944,36.632,2993442628723.000
CSR_apr_MPI,16384,0.15,64,1,51.408,3.306,11.873,0.435,11.438,36.229,0.908,35.322,2993442628723.000
CSR_apr_MPI,16384,0.15,64,1,64.576,3.426,12.355,0.657,11.698,48.794,2.045,46.750,2993442628723.000
CSR_apr_MPI,16384,0.15,64,1,127.549,3.275,79.238,0.973,78.265,45.036,1.828,43.208,2993442628723.000
CSR_apr_MPI,16384,0.15,8,1,242.510,2.861,6.881,0.625,6.256,232.768,1.472,231.295,2993442628723.000
CSR_apr_MPI,16384,0.15,8,1,267.360,2.897,7.839,0.498,7.341,256.624,0.899,255.725,2993442628723.000
CSR_apr_MPI,16384,0.15,8,1,240.073,2.816,7.005,0.414,6.591,230.252,0.799,229.453,2993442628723.000
CSR_apr_MPI,16384,0.15,8,1,267.128,2.814,13.949,0.550,13.398,250.366,0.879,249.487,2993442628723.000
CSR_apr_MPI,16384,0.15,8,1,543.830,2.591,311.171,0.399,310.771,230.069,0.781,229.287,2993442628723.000
CSR_apr_MPI,16384,0.15,8,1,261.164,2.802,7.148,0.487,6.661,251.214,0.864,250.350,2993442628723.000
CSR_apr_MPI,16384,0.15,8,1,269.947,2.874,8.617,0.481,8.137,258.456,0.867,257.589,2993442628723.000
CSR_apr_MPI,16384,0.15,8,1,263.273,2.877,5.896,0.495,5.401,254.499,0.889,253.611,2993442628723.000
CSR_apr_MPI,16384,0.15,8,1,257.252,3.106,11.606,0.488,11.118,242.541,0.850,241.691,2993442628723.000
CSR_apr_MPI,16384,0.15,8,1,758.734,2.791,506.715,0.689,506.026,249.228,0.881,248.346,2993442628723.000
CSR_apr_OpenMP,16384,0.15,1,16,166.497,2.809,0,0,0,163.688,1.042,162.646,2993442628723.000
CSR_apr_OpenMP,16384,0.15,1,16,163.670,2.814,0,0,0,160.856,1.088,159.768,2993442628723.000
CSR_apr_OpenMP,16384,0.15,1,16,169.804,2.809,0,0,0,166.995,1.101,165.895,2993442628723.000
CSR_apr_OpenMP,16384,0.15,1,16,168.503,3.142,0,0,0,165.361,1.572,163.789,2993442628723.000
CSR_apr_OpenMP,16384,0.15,1,16,144.803,2.412,0,0,0,142.391,0.948,141.443,2993442628723.000
CSR_apr_OpenMP,16384,0.15,1,16,174.435,2.818,0,0,0,171.617,1.114,170.502,2993442628723.000
CSR_apr_OpenMP,16384,0.15,1,16,146.842,2.408,0,0,0,144.433,0.940,143.493,2993442628723.000
CSR_apr_OpenMP,16384,0.15,1,16,146.516,2.415,0,0,0,144.100,0.948,143.153,2993442628723.000
CSR_apr_OpenMP,16384,0.15,1,16,148.725,2.426,0,0,0,146.299,0.943,145.356,2993442628723.000
CSR_apr_OpenMP,16384,0.15,1,16,145.015,2.439,0,0,0,142.576,0.944,141.632,2993442628723.000
CSR_apr_OpenMP,16384,0.15,1,2,1159.945,3.736,0,0,0,1156.209,4.338,1151.871,2993442628723.000
CSR_apr_OpenMP,16384,0.15,1,2,1135.154,2.826,0,0,0,1132.329,4.828,1127.501,2993442628723.000
CSR_apr_OpenMP,16384,0.15,1,2,1102.003,3.133,0,0,0,1098.870,4.635,1094.235,2993442628723.000
CSR_apr_OpenMP,16384,0.15,1,2,1053.368,2.832,0,0,0,1050.536,4.841,1045.695,2993442628723.000
CSR_apr_OpenMP,16384,0.15,1,2,1106.896,2.831,0,0,0,1104.065,4.841,1099.224,2993442628723.000
CSR_apr_OpenMP,16384,0.15,1,2,1204.592,2.809,0,0,0,1201.783,5.969,1195.814,2993442628723.000
CSR_apr_OpenMP,16384,0.15,1,2,1039.624,2.837,0,0,0,1036.786,4.837,1031.949,2993442628723.000
CSR_apr_OpenMP,16384,0.15,1,2,1033.168,2.826,0,0,0,1030.342,4.814,1025.527,2993442628723.000
CSR_apr_OpenMP,16384,0.15,1,2,1111.642,2.838,0,0,0,1108.804,5.162,1103.642,2993442628723.000
CSR_apr_OpenMP,16384,0.15,1,2,1136.667,3.737,0,0,0,1132.930,4.307,1128.623,2993442628723.000
CSR_apr_OpenMP,16384,0.15,1,32,121.971,2.814,0,0,0,119.156,0.643,118.513,2993442628723.000
CSR_apr_OpenMP,16384,0.15,1,32,114.516,2.812,0,0,0,111.704,0.637,111.067,2993442628723.000
CSR_apr_OpenMP,16384,0.15,1,32,112.768,2.850,0,0,0,109.918,0.653,109.266,2993442628723.000
CSR_apr_OpenMP,16384,0.15,1,32,124.464,2.825,0,0,0,121.639,0.680,120.959,2993442628723.000
CSR_apr_OpenMP,16384,0.15,1,32,115.767,2.815,0,0,0,112.952,0.637,112.314,2993442628723.000
CSR_apr_OpenMP,16384,0.15,1,32,88.043,2.426,0,0,0,85.617,0.544,85.073,2993442628723.000
CSR_apr_OpenMP,16384,0.15,1,32,112.753,2.825,0,0,0,109.928,0.626,109.302,2993442628723.000
CSR_apr_OpenMP,16384,0.15,1,32,121.714,2.811,0,0,0,118.903,0.652,118.252,2993442628723.000
CSR_apr_OpenMP,16384,0.15,1,32,113.848,2.852,0,0,0,110.995,0.649,110.346,2993442628723.000
CSR_apr_OpenMP,16384,0.15,1,32,111.608,2.832,0,0,0,108.776,0.653,108.123,2993442628723.000
CSR_apr_OpenMP,16384,0.15,1,4,534.235,2.807,0,0,0,531.428,3.507,527.921,2993442628723.000
CSR_apr_OpenMP,16384,0.15,1,4,543.615,3.131,0,0,0,540.484,3.811,536.673,2993442628723.000
CSR_apr_OpenMP,16384,0.15,1,4,657.765,2.814,0,0,0,654.951,3.502,651.449,2993442628723.000
CSR_apr_OpenMP,16384,0.15,1,4,701.090,3.166,0,0,0,697.924,4.523,693.401,2993442628723.000
CSR_apr_OpenMP,16384,0.15,1,4,606.751,2.806,0,0,0,603.945,3.509,600.435,2993442628723.000
CSR_apr_OpenMP,16384,0.15,1,4,538.893,2.925,0,0,0,535.968,3.486,532.482,2993442628723.000
CSR_apr_OpenMP,16384,0.15,1,4,759.841,2.966,0,0,0,756.874,3.884,752.990,2993442628723.000
CSR_apr_OpenMP,16384,0.15,1,4,543.649,2.838,0,0,0,540.811,4.051,536.760,2993442628723.000
CSR_apr_OpenMP,16384,0.15,1,4,822.857,2.826,0,0,0,820.031,4.040,815.990,2993442628723.000
CSR_apr_OpenMP,16384,0.15,1,4,532.259,3.142,0,0,0,529.117,3.797,525.320,2993442628723.000
CSR_apr_OpenMP,16384,0.15,1,64,140.164,2.958,0,0,0,137.206,0.641,136.566,2993442628723.000
CSR_apr_OpenMP,16384,0.15,1,64,57.452,2.415,0,0,0,55.037,0.343,54.694,2993442628723.000
CSR_apr_OpenMP,16384,0.15,1,64,59.458,2.402,0,0,0,57.057,0.364,56.693,2993442628723.000
CSR_apr_OpenMP,16384,0.15,1,64,155.763,2.978,0,0,0,152.784,0.552,152.233,2993442628723.000
CSR_apr_OpenMP,16384,0.15,1,64,60.297,2.415,0,0,0,57.882,0.345,57.537,2993442628723.000
CSR_apr_OpenMP,16384,0.15,1,64,57.086,2.407,0,0,0,54.679,0.329,54.349,2993442628723.000
CSR_apr_OpenMP,16384,0.15,1,64,58.629,2.408,0,0,0,56.221,0.401,55.820,2993442628723.000
CSR_apr_OpenMP,16384,0.15,1,64,61.281,2.591,0,0,0,58.690,0.356,58.334,2993442628723.000
CSR_apr_OpenMP,16384,0.15,1,64,59.981,2.409,0,0,0,57.571,0.398,57.173,2993442628723.000
CSR_apr_OpenMP,16384,0.15,1,64,60.200,2.412,0,0,0,57.789,0.345,57.444,2993442628723.000
CSR_apr_OpenMP,16384,0.15,1,8,289.822,3.175,0,0,0,286.647,2.640,284.007,2993442628723.000
CSR_apr_OpenMP,16384,0.15,1,8,283.471,2.835,0,0,0,280.636,1.899,278.737,2993442628723.000
CSR_apr_OpenMP,16384,0.15,1,8,289.904,2.806,0,0,0,287.098,2.183,284.914,2993442628723.000
CSR_apr_OpenMP,16384,0.15,1,8,284.798,2.828,0,0,0,281.971,2.212,279.759,2993442628723.000
CSR_apr_OpenMP,16384,0.15,1,8,286.251,2.820,0,0,0,283.430,1.944,281.486,2993442628723.000
CSR_apr_OpenMP,16384,0.15,1,8,284.424,2.830,0,0,0,281.594,1.899,279.694,2993442628723.000
CSR_apr_OpenMP,16384,0.15,1,8,259.881,2.415,0,0,0,257.466,1.672,255.794,2993442628723.000
CSR_apr_OpenMP,16384,0.15,1,8,288.271,3.118,0,0,0,285.153,2.443,282.711,2993442628723.000
CSR_apr_OpenMP,16384,0.15,1,8,290.464,2.832,0,0,0,287.633,1.935,285.698,2993442628723.000
CSR_apr_OpenMP,16384,0.15,1,8,286.612,3.123,0,0,0,283.489,2.342,281.147,2993442628723.000
CSR_a_seq,16384,0.15,1,1,1945.180,3.130,0,0,0,1942.050,1.760,1940.290,2993442628723.000
CSR_a_seq,16384,0.15,1,1,1773.850,2.410,0,0,0,1771.440,0.750,1770.690,2993442628723.000
CSR_a_seq,16384,0.15,1,1,1817.210,2.950,0,0,0,1814.260,1.660,1812.600,2993442628723.000
CSR_a_seq,16384,0.15,1,1,1941.700,2.810,0,0,0,1938.890,0.850,1938.040,2993442628723.000
CSR_a_seq,16384,0.15,1,1,1795.900,2.820,0,0,0,1793.080,0.760,1792.320,2993442628723.000
CSR_a_seq,16384,0.15,1,1,1970.180,3.200,0,0,0,1966.980,1.770,1965.210,2993442628723.000
CSR_a_seq,16384,0.15,1,1,1934.260,2.800,0,0,0,1931.460,0.840,1930.620,2993442628723.000
CSR_a_seq,16384,0.15,1,1,1821.360,2.930,0,0,0,1818.430,1.550,1816.880,2993442628723.000
CSR_a_seq,16384,0.15,1,1,1932.820,2.820,0,0,0,1930.000,0.860,1929.140,2993442628723.000
CSR_a_seq,16384,0.15,1,1,1935.930,2.800,0,0,0,1933.130,0.840,1932.290,2993442628723.000